<?xml version="1.0" encoding="UTF-8"?>
<LightningComponentBundle xmlns="http://soap.sforce.com/2006/04/metadata" fqn="customCarousel">
    <apiVersion>61.0</apiVersion>
    <isExposed>true</isExposed>
    <targets>
        <target>lightning__RecordPage</target>
        <target>lightning__AppPage</target>
        <target>lightning__HomePage</target>
        <target>lightningCommunity__Default</target>
        <target>lightningCommunity__Page</target>
    </targets>
    <targetConfigs>
        <targetConfig targets="lightning__RecordPage, lightning__AppPage, lightning__HomePage,lightningCommunity__Default">
            <property name="isArrowSlider" type="Boolean" label="Use Arrow Slider" default="false" />
            <property name="useDotSlider" type="Boolean" label="Use Dot Slider" default="false" />
            <property name="autoSlideEnabled" type="Boolean" label="Use Auto Slide" default="false" />
            <property name="useDotWithAutoSlide" type="Boolean" label="Use Dot with Auto Slide" default="false"/>
            <property name="overlayColor" type="String" label="Overlay Color" />
            <property name="overlayOpacity" type="String" label="Overlay Opacity" />
        </targetConfig>
    </targetConfigs>
</LightningComponentBundle>