[{"_allAttributes":null,"_properties":null,"_methods":null,"file":"c:/Users/Sajal Jain/Desktop/Product_tile/quest-b2b-commerce-on-lightning/force-app/main/default/lwc/hpCarousel/hpCarousel.js","metadata":{"decorators":[{"type":"api","targets":[{"name":"isArrowSlider","type":"property","value":{"type":"boolean","value":false}},{"name":"useDotSlider","type":"property","value":{"type":"boolean","value":false}},{"name":"autoSlideEnabled","type":"property","value":{"type":"boolean","value":false}},{"name":"useDotWithAutoSlide","type":"property","value":{"type":"boolean","value":false}},{"name":"overlayColor","type":"property","value":{"type":"string","value":"#000000"}},{"name":"overlayOpacity","type":"property","value":{"type":"number","value":0.5}}]},{"type":"track","targets":[{"name":"slides","type":"property"},{"name":"currentSlide","type":"property"}]}],"classMembers":[{"name":"slides","type":"property","decorator":"track","loc":{"start":{"line":4,"column":4},"end":{"line":15,"column":6}}},{"name":"currentSlide","type":"property","decorator":"track","loc":{"start":{"line":16,"column":4},"end":{"line":16,"column":28}}},{"name":"autoSlideInterval","type":"property","loc":{"start":{"line":17,"column":4},"end":{"line":17,"column":22}}},{"name":"isArrowSlider","type":"property","value":{"type":"boolean","value":false},"decorator":"api","loc":{"start":{"line":20,"column":4},"end":{"line":20,"column":31}}},{"name":"useDotSlider","type":"property","value":{"type":"boolean","value":false},"decorator":"api","loc":{"start":{"line":21,"column":4},"end":{"line":21,"column":30}}},{"name":"autoSlideEnabled","type":"property","value":{"type":"boolean","value":false},"decorator":"api","loc":{"start":{"line":22,"column":4},"end":{"line":22,"column":34}}},{"name":"useDotWithAutoSlide","type":"property","value":{"type":"boolean","value":false},"decorator":"api","loc":{"start":{"line":23,"column":4},"end":{"line":23,"column":37}}},{"name":"overlayColor","type":"property","value":{"type":"string","value":"#000000"},"decorator":"api","loc":{"start":{"line":24,"column":4},"end":{"line":24,"column":34}}},{"name":"overlayOpacity","type":"property","value":{"type":"number","value":0.5},"decorator":"api","loc":{"start":{"line":25,"column":4},"end":{"line":25,"column":30}}},{"name":"showDots","type":"property","loc":{"start":{"line":29,"column":4},"end":{"line":31,"column":5}}},{"name":"slidesStyle","type":"property","loc":{"start":{"line":34,"column":4},"end":{"line":37,"column":5}}},{"name":"overlayStyle","type":"property","loc":{"start":{"line":38,"column":4},"end":{"line":40,"column":5}}},{"name":"updateDotClass","type":"method","loc":{"start":{"line":43,"column":4},"end":{"line":50,"column":5}}},{"name":"handleOverlayColorChange","type":"method","loc":{"start":{"line":51,"column":4},"end":{"line":53,"column":5}}},{"name":"startAutoSlide","type":"method","loc":{"start":{"line":56,"column":4},"end":{"line":64,"column":5}}},{"name":"stopAutoSlide","type":"method","loc":{"start":{"line":67,"column":4},"end":{"line":72,"column":5}}},{"name":"prevSlide","type":"method","loc":{"start":{"line":75,"column":4},"end":{"line":78,"column":5}}},{"name":"nextSlide","type":"method","loc":{"start":{"line":81,"column":4},"end":{"line":84,"column":5}}},{"name":"changeSlide","type":"method","loc":{"start":{"line":87,"column":4},"end":{"line":91,"column":5}}},{"name":"connectedCallback","type":"method","loc":{"start":{"line":94,"column":4},"end":{"line":97,"column":5}}},{"name":"disconnectedCallback","type":"method","loc":{"start":{"line":99,"column":4},"end":{"line":101,"column":5}}}],"declarationLoc":{"start":{"line":3,"column":0},"end":{"line":102,"column":1}},"doc":"","exports":[{"type":"ExportDefaultDeclaration"}]},"updatedAt":"2024-11-15T06:57:20.430Z"},{"_allAttributes":null,"_properties":null,"_methods":null,"file":"c:/Users/Sajal Jain/Desktop/Product_tile/quest-b2b-commerce-on-lightning/force-app/main/default/lwc/productTile/productTile.js","metadata":{"decorators":[{"type":"api","targets":[{"name":"pricebookID","type":"property","value":{"type":"unresolved"}}]},{"type":"wire","targets":[{"type":"method","name":"wiredSiteBaseUrl","static":{},"params":{},"adapter":{"name":"getSiteBaseUrl","reference":"@salesforce/apex/AddWishList.getSiteBaseUrl"}},{"type":"method","name":"user","static":{"recordId":{"type":"unresolved"},"fields":{"type":"array","value":[null]}},"params":{},"adapter":{"name":"getRecord","reference":"lightning/uiRecordApi"}},{"type":"method","name":"getPageReference","static":{},"params":{},"adapter":{"name":"CurrentPageReference","reference":"lightning/navigation"}}]},{"type":"track","targets":[{"name":"products","type":"property"},{"name":"displayedProducts","type":"property"},{"name":"carouselIndicators","type":"property"},{"name":"currentPage","type":"property"},{"name":"itemsPerPage","type":"property"},{"name":"productCounters","type":"property"},{"name":"accountId","type":"property"},{"name":"storeId","type":"property"}]}],"classMembers":[{"name":"products","type":"property","decorator":"track","loc":{"start":{"line":15,"column":4},"end":{"line":15,"column":25}}},{"name":"displayedProducts","type":"property","decorator":"track","loc":{"start":{"line":16,"column":4},"end":{"line":16,"column":34}}},{"name":"carouselIndicators","type":"property","decorator":"track","loc":{"start":{"line":17,"column":4},"end":{"line":17,"column":35}}},{"name":"currentPage","type":"property","decorator":"track","loc":{"start":{"line":18,"column":4},"end":{"line":18,"column":27}}},{"name":"itemsPerPage","type":"property","decorator":"track","loc":{"start":{"line":19,"column":4},"end":{"line":19,"column":29}}},{"name":"productCounters","type":"property","value":{"type":"object","value":{}},"decorator":"track","loc":{"start":{"line":20,"column":4},"end":{"line":20,"column":32}}},{"name":"accountId","type":"property","decorator":"track","loc":{"start":{"line":21,"column":4},"end":{"line":21,"column":21}}},{"name":"storeId","type":"property","decorator":"track","loc":{"start":{"line":22,"column":4},"end":{"line":22,"column":19}}},{"name":"siteBaseUrl","type":"property","loc":{"start":{"line":23,"column":4},"end":{"line":23,"column":16}}},{"name":"pricebookID","type":"property","value":{"type":"unresolved"},"decorator":"api","loc":{"start":{"line":24,"column":4},"end":{"line":24,"column":21}}},{"name":"categoryId","type":"property","loc":{"start":{"line":25,"column":4},"end":{"line":25,"column":15}}},{"name":"wiredSiteBaseUrl","type":"method","decorator":"wire","loc":{"start":{"line":27,"column":4},"end":{"line":34,"column":5}}},{"name":"user","type":"method","decorator":"wire","loc":{"start":{"line":36,"column":4},"end":{"line":43,"column":5}}},{"name":"getPageReference","type":"method","decorator":"wire","loc":{"start":{"line":45,"column":4},"end":{"line":55,"column":5}}},{"name":"connectedCallback","type":"method","loc":{"start":{"line":57,"column":4},"end":{"line":59,"column":5}}},{"name":"fetchProducts","type":"method","loc":{"start":{"line":61,"column":4},"end":{"line":74,"column":5}}},{"name":"fetchProductsByCategory","type":"method","loc":{"start":{"line":76,"column":4},"end":{"line":93,"column":5}}},{"name":"formatPrice","type":"method","loc":{"start":{"line":95,"column":4},"end":{"line":97,"column":5}}},{"name":"setupCarousel","type":"method","loc":{"start":{"line":99,"column":4},"end":{"line":108,"column":5}}},{"name":"updateDisplayedProducts","type":"method","loc":{"start":{"line":110,"column":4},"end":{"line":114,"column":5}}},{"name":"handlePrevious","type":"method","loc":{"start":{"line":116,"column":4},"end":{"line":122,"column":5}}},{"name":"handleNext","type":"method","loc":{"start":{"line":124,"column":4},"end":{"line":130,"column":5}}},{"name":"handleIndicatorClick","type":"method","loc":{"start":{"line":132,"column":4},"end":{"line":136,"column":5}}},{"name":"updateIndicatorClasses","type":"method","loc":{"start":{"line":138,"column":4},"end":{"line":143,"column":5}}},{"name":"handleAddToWishlist","type":"method","loc":{"start":{"line":145,"column":4},"end":{"line":162,"column":5}}},{"name":"updateWishlistIcon","type":"method","loc":{"start":{"line":164,"column":4},"end":{"line":173,"column":5}}},{"name":"showToast","type":"method","loc":{"start":{"line":175,"column":4},"end":{"line":184,"column":5}}}],"declarationLoc":{"start":{"line":14,"column":0},"end":{"line":185,"column":1}},"doc":"","exports":[{"type":"ExportDefaultDeclaration"}]},"updatedAt":"2024-11-15T06:35:23.378Z"},{"_allAttributes":null,"_properties":null,"_methods":null,"file":"c:/Users/Sajal Jain/Desktop/Product_tile/quest-b2b-commerce-on-lightning/force-app/main/default/lwc/questProducts/questProducts.js","metadata":{"decorators":[{"type":"wire","targets":[{"type":"method","name":"wiredSiteBaseUrl","static":{},"params":{},"adapter":{"name":"getSiteBaseUrl","reference":"@salesforce/apex/SiteInfo.getSiteBaseUrl"}},{"type":"method","name":"user","static":{"recordId":{"type":"unresolved"},"fields":{"type":"array","value":[null]}},"params":{},"adapter":{"name":"getRecord","reference":"lightning/uiRecordApi"}},{"type":"method","name":"getPageReference","static":{},"params":{},"adapter":{"name":"CurrentPageReference","reference":"lightning/navigation"}}]},{"type":"track","targets":[{"name":"products","type":"property"},{"name":"filteredProducts","type":"property"},{"name":"filters","type":"property"},{"name":"productFamilyOptions","type":"property"},{"name":"quantityUnitOptions","type":"property"},{"name":"pricingMethodOptions","type":"property"},{"name":"isModalOpen","type":"property"},{"name":"modalTitle","type":"property"},{"name":"modalMessage","type":"property"}]}],"classMembers":[{"name":"products","type":"property","decorator":"track","loc":{"start":{"line":20,"column":4},"end":{"line":20,"column":25}}},{"name":"filteredProducts","type":"property","decorator":"track","loc":{"start":{"line":21,"column":4},"end":{"line":21,"column":33}}},{"name":"filters","type":"property","value":{"type":"object","value":{}},"decorator":"track","loc":{"start":{"line":22,"column":4},"end":{"line":26,"column":6}}},{"name":"productFamilyOptions","type":"property","decorator":"track","loc":{"start":{"line":28,"column":4},"end":{"line":28,"column":37}}},{"name":"quantityUnitOptions","type":"property","decorator":"track","loc":{"start":{"line":29,"column":4},"end":{"line":29,"column":36}}},{"name":"pricingMethodOptions","type":"property","decorator":"track","loc":{"start":{"line":30,"column":4},"end":{"line":30,"column":37}}},{"name":"accountId","type":"property","loc":{"start":{"line":32,"column":4},"end":{"line":32,"column":14}}},{"name":"siteBaseUrl","type":"property","loc":{"start":{"line":33,"column":4},"end":{"line":33,"column":16}}},{"name":"categoryURL","type":"property","loc":{"start":{"line":34,"column":4},"end":{"line":34,"column":15}}},{"name":"categoryId","type":"property","loc":{"start":{"line":35,"column":4},"end":{"line":35,"column":15}}},{"name":"communityId","type":"property","loc":{"start":{"line":36,"column":4},"end":{"line":36,"column":16}}},{"name":"heartRedIcon","type":"property","value":{"type":"unresolved"},"loc":{"start":{"line":39,"column":4},"end":{"line":39,"column":40}}},{"name":"heartWhiteIcon","type":"property","value":{"type":"unresolved"},"loc":{"start":{"line":40,"column":4},"end":{"line":40,"column":46}}},{"name":"isModalOpen","type":"property","value":{"type":"boolean","value":false},"decorator":"track","loc":{"start":{"line":42,"column":4},"end":{"line":42,"column":31}}},{"name":"modalTitle","type":"property","decorator":"track","loc":{"start":{"line":43,"column":4},"end":{"line":43,"column":27}}},{"name":"modalMessage","type":"property","decorator":"track","loc":{"start":{"line":44,"column":4},"end":{"line":44,"column":29}}},{"name":"wiredSiteBaseUrl","type":"method","decorator":"wire","loc":{"start":{"line":46,"column":4},"end":{"line":55,"column":5}}},{"name":"user","type":"method","decorator":"wire","loc":{"start":{"line":57,"column":4},"end":{"line":64,"column":5}}},{"name":"pageSize","type":"property","loc":{"start":{"line":70,"column":4},"end":{"line":70,"column":17}}},{"name":"pageNumber","type":"property","loc":{"start":{"line":71,"column":4},"end":{"line":71,"column":19}}},{"name":"totalRecords","type":"property","loc":{"start":{"line":72,"column":4},"end":{"line":72,"column":21}}},{"name":"enablePagination","type":"property","value":{"type":"boolean","value":true},"loc":{"start":{"line":73,"column":4},"end":{"line":73,"column":28}}},{"name":"hasRecords","type":"property","loc":{"start":{"line":76,"column":4},"end":{"line":78,"column":5}}},{"name":"showPaginator","type":"property","loc":{"start":{"line":81,"column":4},"end":{"line":83,"column":5}}},{"name":"paginationChangeHandler","type":"method","loc":{"start":{"line":86,"column":4},"end":{"line":91,"column":5}}},{"name":"recordsToDisplay","type":"property","loc":{"start":{"line":94,"column":4},"end":{"line":98,"column":5}}},{"name":"getPageReference","type":"method","decorator":"wire","loc":{"start":{"line":103,"column":4},"end":{"line":113,"column":5}}},{"name":"fetchProducts","type":"method","loc":{"start":{"line":115,"column":4},"end":{"line":139,"column":5}}},{"name":"fetchProductsByCategory","type":"method","loc":{"start":{"line":141,"column":4},"end":{"line":176,"column":5}}},{"name":"connectedCallback","type":"method","loc":{"start":{"line":179,"column":4},"end":{"line":186,"column":5}}},{"name":"setFilterOptions","type":"method","loc":{"start":{"line":189,"column":4},"end":{"line":205,"column":5}}},{"name":"generateOptions","type":"method","loc":{"start":{"line":210,"column":4},"end":{"line":215,"column":5}}},{"name":"generateOptionsUnits","type":"method","loc":{"start":{"line":218,"column":4},"end":{"line":223,"column":5}}},{"name":"generateOptionsPricing","type":"method","loc":{"start":{"line":226,"column":4},"end":{"line":231,"column":5}}},{"name":"formatPrice","type":"method","loc":{"start":{"line":235,"column":4},"end":{"line":237,"column":5}}},{"name":"getWishListColor","type":"method","loc":{"start":{"line":244,"column":4},"end":{"line":246,"column":5}}},{"name":"handleBuy","type":"method","loc":{"start":{"line":248,"column":4},"end":{"line":261,"column":5}}},{"name":"handleAddToWishlist","type":"method","loc":{"start":{"line":265,"column":5},"end":{"line":305,"column":5}}},{"name":"handleModalClose","type":"method","loc":{"start":{"line":308,"column":4},"end":{"line":310,"column":5}}},{"name":"handleFilterChange","type":"method","loc":{"start":{"line":314,"column":4},"end":{"line":318,"column":5}}},{"name":"applyFilters","type":"method","loc":{"start":{"line":320,"column":4},"end":{"line":326,"column":5}}},{"name":"clearFilters","type":"method","loc":{"start":{"line":328,"column":4},"end":{"line":331,"column":5}}}],"declarationLoc":{"start":{"line":19,"column":0},"end":{"line":332,"column":1}},"doc":"","exports":[{"type":"ExportDefaultDeclaration"}]},"updatedAt":"2024-11-25T11:15:50.646Z"},{"_allAttributes":null,"_properties":null,"_methods":null,"file":"c:/Users/Sajal Jain/Desktop/Product_tile/quest-b2b-commerce-on-lightning/force-app/main/default/lwc/productDetail/productDetail.js","metadata":{"decorators":[{"type":"wire","targets":[{"type":"method","name":"getPageReference","static":{},"params":{},"adapter":{"name":"CurrentPageReference","reference":"lightning/navigation"}}]},{"type":"track","targets":[{"name":"product","type":"property"},{"name":"quantity","type":"property"}]}],"classMembers":[{"name":"product","type":"property","decorator":"track","loc":{"start":{"line":9,"column":4},"end":{"line":9,"column":19}}},{"name":"quantity","type":"property","decorator":"track","loc":{"start":{"line":10,"column":4},"end":{"line":10,"column":24}}},{"name":"getPageReference","type":"method","decorator":"wire","loc":{"start":{"line":12,"column":4},"end":{"line":20,"column":5}}},{"name":"fetchProductDetails","type":"method","loc":{"start":{"line":22,"column":4},"end":{"line":47,"column":5}}},{"name":"fetchProductSellingModel","type":"method","loc":{"start":{"line":49,"column":4},"end":{"line":69,"column":5}}},{"name":"handleQuantityChange","type":"method","loc":{"start":{"line":72,"column":4},"end":{"line":74,"column":5}}},{"name":"handleAddToCart","type":"method","loc":{"start":{"line":76,"column":4},"end":{"line":92,"column":5}}}],"declarationLoc":{"start":{"line":8,"column":0},"end":{"line":94,"column":1}},"doc":"","exports":[{"type":"ExportDefaultDeclaration"}]},"updatedAt":"2024-11-20T04:06:33.271Z"},{"_allAttributes":null,"_properties":null,"_methods":null,"file":"c:/Users/Sajal Jain/Desktop/Product_tile/quest-b2b-commerce-on-lightning/force-app/main/default/lwc/productDetails/productDetails.js","metadata":{"decorators":[{"type":"wire","targets":[{"type":"method","name":"getPageReference","static":{},"params":{},"adapter":{"name":"CurrentPageReference","reference":"lightning/navigation"}},{"type":"method","name":"wiredProductDiscountList","static":{},"params":{},"adapter":{"name":"getProductDiscountList","reference":"@salesforce/apex/productDetail.getProductRecsForDiscount"}}]},{"type":"track","targets":[{"name":"product","type":"property"},{"name":"variations","type":"property"},{"name":"selectedVariation","type":"property"},{"name":"quantity","type":"property"},{"name":"dropdownVisible","type":"property"},{"name":"productDiscountList","type":"property"}]}],"classMembers":[{"name":"product","type":"property","value":{"type":"null","value":null},"decorator":"track","loc":{"start":{"line":11,"column":4},"end":{"line":11,"column":26}}},{"name":"variations","type":"property","decorator":"track","loc":{"start":{"line":12,"column":4},"end":{"line":12,"column":27}}},{"name":"selectedVariation","type":"property","value":{"type":"null","value":null},"decorator":"track","loc":{"start":{"line":13,"column":4},"end":{"line":13,"column":36}}},{"name":"quantity","type":"property","decorator":"track","loc":{"start":{"line":14,"column":4},"end":{"line":14,"column":24}}},{"name":"dropdownVisible","type":"property","value":{"type":"object","value":{}},"decorator":"track","loc":{"start":{"line":15,"column":4},"end":{"line":15,"column":32}}},{"name":"productDiscountList","type":"property","decorator":"track","loc":{"start":{"line":16,"column":4},"end":{"line":16,"column":36}}},{"name":"getPageReference","type":"method","decorator":"wire","loc":{"start":{"line":18,"column":4},"end":{"line":27,"column":5}}},{"name":"wiredProductDiscountList","type":"method","decorator":"wire","loc":{"start":{"line":29,"column":4},"end":{"line":44,"column":5}}},{"name":"connectedCallback","type":"method","loc":{"start":{"line":46,"column":4},"end":{"line":51,"column":5}}},{"name":"fetchProductDetails","type":"method","loc":{"start":{"line":53,"column":12},"end":{"line":80,"column":13}}},{"name":"fetchProductSellingModel","type":"method","loc":{"start":{"line":82,"column":4},"end":{"line":102,"column":5}}},{"name":"fetchProductVariations","type":"method","loc":{"start":{"line":154,"column":4},"end":{"line":223,"column":5}}},{"name":"handleQuantityChange","type":"method","loc":{"start":{"line":226,"column":4},"end":{"line":237,"column":5}}},{"name":"toggleDropdown","type":"method","loc":{"start":{"line":239,"column":4},"end":{"line":248,"column":5}}},{"name":"handleAddToCart","type":"method","loc":{"start":{"line":251,"column":4},"end":{"line":262,"column":5}}},{"name":"showToast","type":"method","loc":{"start":{"line":264,"column":4},"end":{"line":271,"column":5}}}],"declarationLoc":{"start":{"line":9,"column":0},"end":{"line":272,"column":1}},"doc":"","exports":[{"type":"ExportDefaultDeclaration"}]},"updatedAt":"2024-11-27T10:52:05.890Z"},{"_allAttributes":null,"_properties":null,"_methods":null,"file":"c:/Users/Sajal Jain/Desktop/Product_tile/quest-b2b-commerce-on-lightning/force-app/main/default/lwc/productDetails1/productDetails1.js","metadata":{"decorators":[{"type":"wire","targets":[{"type":"method","name":"getPageReference","static":{},"params":{},"adapter":{"name":"CurrentPageReference","reference":"lightning/navigation"}}]},{"type":"track","targets":[{"name":"product","type":"property"},{"name":"quantity","type":"property"}]}],"classMembers":[{"name":"product","type":"property","decorator":"track","loc":{"start":{"line":9,"column":4},"end":{"line":9,"column":19}}},{"name":"quantity","type":"property","decorator":"track","loc":{"start":{"line":10,"column":4},"end":{"line":10,"column":24}}},{"name":"getPageReference","type":"method","decorator":"wire","loc":{"start":{"line":12,"column":4},"end":{"line":20,"column":5}}},{"name":"fetchProductDetails","type":"method","loc":{"start":{"line":22,"column":4},"end":{"line":47,"column":5}}},{"name":"fetchProductSellingModel","type":"method","loc":{"start":{"line":49,"column":4},"end":{"line":69,"column":5}}},{"name":"handleQuantityChange","type":"method","loc":{"start":{"line":72,"column":4},"end":{"line":74,"column":5}}},{"name":"handleAddToCart","type":"method","loc":{"start":{"line":76,"column":4},"end":{"line":92,"column":5}}}],"declarationLoc":{"start":{"line":8,"column":0},"end":{"line":94,"column":1}},"doc":"","exports":[{"type":"ExportDefaultDeclaration"}]},"updatedAt":"2024-11-20T04:06:23.640Z"},{"_allAttributes":null,"_properties":null,"_methods":null,"file":"c:/Users/Sajal Jain/Desktop/Product_tile/quest-b2b-commerce-on-lightning/force-app/main/default/lwc/displayProductRecords/displayProductRecords.js","metadata":{"decorators":[{"type":"api","targets":[{"name":"categoryID","type":"property","value":{"type":"unresolved"}},{"name":"categoryName","type":"property","value":{"type":"unresolved"}},{"name":"pricebookID","type":"property","value":{"type":"unresolved"}}]},{"type":"wire","targets":[{"type":"method","name":"wiredSiteBaseUrl","static":{},"params":{},"adapter":{"name":"getSiteBaseUrl","reference":"@salesforce/apex/SiteInfo.getSiteBaseUrl"}}]},{"type":"track","targets":[{"name":"products","type":"property"},{"name":"displayedProducts","type":"property"},{"name":"carouselIndicators","type":"property"},{"name":"currentPage","type":"property"},{"name":"itemsPerPage","type":"property"}]}],"classMembers":[{"name":"products","type":"property","decorator":"track","loc":{"start":{"line":6,"column":4},"end":{"line":6,"column":20}}},{"name":"displayedProducts","type":"property","decorator":"track","loc":{"start":{"line":7,"column":4},"end":{"line":7,"column":34}}},{"name":"carouselIndicators","type":"property","decorator":"track","loc":{"start":{"line":8,"column":4},"end":{"line":8,"column":35}}},{"name":"currentPage","type":"property","decorator":"track","loc":{"start":{"line":9,"column":4},"end":{"line":9,"column":27}}},{"name":"itemsPerPage","type":"property","decorator":"track","loc":{"start":{"line":10,"column":4},"end":{"line":10,"column":28}}},{"name":"categoryID","type":"property","value":{"type":"unresolved"},"decorator":"api","loc":{"start":{"line":11,"column":4},"end":{"line":11,"column":20}}},{"name":"categoryName","type":"property","value":{"type":"unresolved"},"decorator":"api","loc":{"start":{"line":12,"column":4},"end":{"line":12,"column":22}}},{"name":"pricebookID","type":"property","value":{"type":"unresolved"},"decorator":"api","loc":{"start":{"line":13,"column":4},"end":{"line":13,"column":21}}},{"name":"categoryURL","type":"property","loc":{"start":{"line":14,"column":4},"end":{"line":14,"column":16}}},{"name":"siteBaseUrl","type":"property","loc":{"start":{"line":15,"column":4},"end":{"line":15,"column":16}}},{"name":"connectedCallback","type":"method","loc":{"start":{"line":16,"column":4},"end":{"line":18,"column":5}}},{"name":"wiredSiteBaseUrl","type":"method","decorator":"wire","loc":{"start":{"line":20,"column":4},"end":{"line":31,"column":5}}},{"name":"fetchProductsByCategory","type":"method","loc":{"start":{"line":33,"column":4},"end":{"line":43,"column":5}}},{"name":"formatPrice","type":"method","loc":{"start":{"line":45,"column":4},"end":{"line":47,"column":5}}},{"name":"setupCarousel","type":"method","loc":{"start":{"line":49,"column":4},"end":{"line":57,"column":5}}},{"name":"updateDisplayedProducts","type":"method","loc":{"start":{"line":59,"column":4},"end":{"line":63,"column":5}}},{"name":"handlePrevious","type":"method","loc":{"start":{"line":65,"column":4},"end":{"line":71,"column":5}}},{"name":"handleNext","type":"method","loc":{"start":{"line":73,"column":4},"end":{"line":79,"column":5}}},{"name":"handleIndicatorClick","type":"method","loc":{"start":{"line":81,"column":4},"end":{"line":85,"column":5}}},{"name":"updateIndicatorClasses","type":"method","loc":{"start":{"line":87,"column":4},"end":{"line":94,"column":5}}},{"name":"handleBuy","type":"method","loc":{"start":{"line":96,"column":4},"end":{"line":113,"column":5}}}],"declarationLoc":{"start":{"line":5,"column":0},"end":{"line":114,"column":1}},"doc":"","exports":[{"type":"ExportDefaultDeclaration"}]},"updatedAt":"2024-11-19T04:57:17.149Z"},{"_allAttributes":null,"_properties":null,"_methods":null,"file":"c:/Users/Sajal Jain/Desktop/Product_tile/quest-b2b-commerce-on-lightning/force-app/main/default/lwc/videoPopup/videoPopup.js","metadata":{"decorators":[{"type":"api","targets":[{"name":"imageUrl","type":"property","value":{"type":"unresolved"}}]}],"classMembers":[{"name":"imageUrl","type":"property","value":{"type":"unresolved"},"decorator":"api","loc":{"start":{"line":5,"column":4},"end":{"line":5,"column":18}}},{"name":"isModalOpen","type":"property","value":{"type":"boolean","value":false},"loc":{"start":{"line":8,"column":4},"end":{"line":8,"column":24}}},{"name":"videoUrl","type":"property","value":{"type":"string","value":"https://youtu.be/Xnr0HhFvgHE?si=t0zjX1lnAbfNj8__"},"loc":{"start":{"line":11,"column":4},"end":{"line":11,"column":66}}},{"name":"handleThumbnailClick","type":"method","loc":{"start":{"line":14,"column":4},"end":{"line":16,"column":5}}},{"name":"handleCloseModal","type":"method","loc":{"start":{"line":19,"column":4},"end":{"line":21,"column":5}}}],"declarationLoc":{"start":{"line":3,"column":0},"end":{"line":22,"column":1}},"doc":"","exports":[{"type":"ExportDefaultDeclaration"}]},"updatedAt":"2024-11-25T07:29:09.490Z"}]