{
    "serverMaxRevisionCounter": 8645,
    "sourceMembers": {
        "PermissionSetGroup__force__Commerce_Buyer": {
            "serverRevisionCounter": 3,
            "lastRetrievedFromServer": null,
            "memberType": "PermissionSetGroup",
            "isNameObsolete": false
        },
        "RecordType__Account.Business_Account": {
            "serverRevisionCounter": 4,
            "lastRetrievedFromServer": null,
            "memberType": "RecordType",
            "isNameObsolete": false
        },
        "MatchingRule__Account.Standard_PersonAccount_Match_Rule_v1_0": {
            "serverRevisionCounter": 5,
            "lastRetrievedFromServer": null,
            "memberType": "MatchingRule",
            "isNameObsolete": false
        },
        "DuplicateRule__Account.Standard_Person_Account_Duplicate_Rule": {
            "serverRevisionCounter": 6,
            "lastRetrievedFromServer": null,
            "memberType": "DuplicateRule",
            "isNameObsolete": false
        },
        "Profile__B2B Providio Profile": {
            "serverRevisionCounter": 1480,
            "lastRetrievedFromServer": null,
            "memberType": "Profile",
            "isNameObsolete": false
        },
        "CustomSite__B2B_Providio": {
            "serverRevisionCounter": 2768,
            "lastRetrievedFromServer": null,
            "memberType": "CustomSite",
            "isNameObsolete": false
        },
        "AppMenu__AppSwitcher": {
            "serverRevisionCounter": 2265,
            "lastRetrievedFromServer": null,
            "memberType": "AppMenu",
            "isNameObsolete": false
        },
        "NetworkBranding__cbB2B_Providio": {
            "serverRevisionCounter": 26,
            "lastRetrievedFromServer": null,
            "memberType": "NetworkBranding",
            "isNameObsolete": false
        },
        "NavigationMenu__Default_Navigation1": {
            "serverRevisionCounter": 406,
            "lastRetrievedFromServer": null,
            "memberType": "NavigationMenu",
            "isNameObsolete": false
        },
        "Audience__Default1": {
            "serverRevisionCounter": 30,
            "lastRetrievedFromServer": null,
            "memberType": "Audience",
            "isNameObsolete": false
        },
        "Network__B2B Providio": {
            "serverRevisionCounter": 2770,
            "lastRetrievedFromServer": null,
            "memberType": "Network",
            "isNameObsolete": false
        },
        "DigitalExperienceBundle__site/B2B_Providio1": {
            "serverRevisionCounter": 35,
            "lastRetrievedFromServer": null,
            "memberType": "DigitalExperienceBundle",
            "isNameObsolete": false
        },
        "DigitalExperience__site/B2B_Providio1.sfdc_cms__languageSettings/languages": {
            "serverRevisionCounter": 37,
            "lastRetrievedFromServer": null,
            "memberType": "DigitalExperience",
            "isNameObsolete": false
        },
        "DigitalExperience__site/B2B_Providio1.sfdc_cms__mobilePublisherConfig/mobilePublisherConfig": {
            "serverRevisionCounter": 770,
            "lastRetrievedFromServer": null,
            "memberType": "DigitalExperience",
            "isNameObsolete": false
        },
        "NavigationMenu__Default_User_Profile_Menu1": {
            "serverRevisionCounter": 413,
            "lastRetrievedFromServer": null,
            "memberType": "NavigationMenu",
            "isNameObsolete": false
        },
        "NavigationMenu__Default_Social_Media_Menu1": {
            "serverRevisionCounter": 417,
            "lastRetrievedFromServer": null,
            "memberType": "NavigationMenu",
            "isNameObsolete": false
        },
        "NavigationMenu__Default_My_Account_Menu1": {
            "serverRevisionCounter": 415,
            "lastRetrievedFromServer": null,
            "memberType": "NavigationMenu",
            "isNameObsolete": false
        },
        "DigitalExperience__site/B2B_Providio1.sfdc_cms__styles/styles_css": {
            "serverRevisionCounter": 52,
            "lastRetrievedFromServer": null,
            "memberType": "DigitalExperience",
            "isNameObsolete": false
        },
        "DigitalExperience__site/B2B_Providio1.sfdc_cms__route/Address_List": {
            "serverRevisionCounter": 183,
            "lastRetrievedFromServer": null,
            "memberType": "DigitalExperience",
            "isNameObsolete": false
        },
        "DigitalExperience__site/B2B_Providio1.sfdc_cms__view/addresses": {
            "serverRevisionCounter": 184,
            "lastRetrievedFromServer": null,
            "memberType": "DigitalExperience",
            "isNameObsolete": false
        },
        "DigitalExperience__site/B2B_Providio1.sfdc_cms__site/B2B_Providio1": {
            "serverRevisionCounter": 132,
            "lastRetrievedFromServer": null,
            "memberType": "DigitalExperience",
            "isNameObsolete": false
        },
        "DigitalExperience__site/B2B_Providio1.sfdc_cms__brandingSet/B2B_Commerce": {
            "serverRevisionCounter": 952,
            "lastRetrievedFromServer": null,
            "memberType": "DigitalExperience",
            "isNameObsolete": false
        },
        "DigitalExperience__site/B2B_Providio1.sfdc_cms__route/Wishlist": {
            "serverRevisionCounter": 136,
            "lastRetrievedFromServer": null,
            "memberType": "DigitalExperience",
            "isNameObsolete": false
        },
        "DigitalExperience__site/B2B_Providio1.sfdc_cms__appPage/mainAppPage": {
            "serverRevisionCounter": 2206,
            "lastRetrievedFromServer": null,
            "memberType": "DigitalExperience",
            "isNameObsolete": false
        },
        "DigitalExperience__site/B2B_Providio1.sfdc_cms__theme/B2B_Commerce": {
            "serverRevisionCounter": 134,
            "lastRetrievedFromServer": null,
            "memberType": "DigitalExperience",
            "isNameObsolete": false
        },
        "DigitalExperience__site/B2B_Providio1.sfdc_cms__route/Too_Many_Requests": {
            "serverRevisionCounter": 139,
            "lastRetrievedFromServer": null,
            "memberType": "DigitalExperience",
            "isNameObsolete": false
        },
        "DigitalExperience__site/B2B_Providio1.sfdc_cms__view/tooManyRequests": {
            "serverRevisionCounter": 140,
            "lastRetrievedFromServer": null,
            "memberType": "DigitalExperience",
            "isNameObsolete": false
        },
        "DigitalExperience__site/B2B_Providio1.sfdc_cms__view/Wishlist": {
            "serverRevisionCounter": 137,
            "lastRetrievedFromServer": null,
            "memberType": "DigitalExperience",
            "isNameObsolete": false
        },
        "DigitalExperience__site/B2B_Providio1.sfdc_cms__themeLayout/myAccountLayout": {
            "serverRevisionCounter": 138,
            "lastRetrievedFromServer": null,
            "memberType": "DigitalExperience",
            "isNameObsolete": false
        },
        "DigitalExperience__site/B2B_Providio1.sfdc_cms__view/split_shipment": {
            "serverRevisionCounter": 143,
            "lastRetrievedFromServer": null,
            "memberType": "DigitalExperience",
            "isNameObsolete": false
        },
        "DigitalExperience__site/B2B_Providio1.sfdc_cms__themeLayout/checkoutLayout": {
            "serverRevisionCounter": 144,
            "lastRetrievedFromServer": null,
            "memberType": "DigitalExperience",
            "isNameObsolete": false
        },
        "DigitalExperience__site/B2B_Providio1.sfdc_cms__themeLayout/snaThemeLayout": {
            "serverRevisionCounter": 141,
            "lastRetrievedFromServer": null,
            "memberType": "DigitalExperience",
            "isNameObsolete": false
        },
        "DigitalExperience__site/B2B_Providio1.sfdc_cms__route/Split_Shipment": {
            "serverRevisionCounter": 142,
            "lastRetrievedFromServer": null,
            "memberType": "DigitalExperience",
            "isNameObsolete": false
        },
        "DigitalExperience__site/B2B_Providio1.sfdc_cms__route/Search": {
            "serverRevisionCounter": 147,
            "lastRetrievedFromServer": null,
            "memberType": "DigitalExperience",
            "isNameObsolete": false
        },
        "DigitalExperience__site/B2B_Providio1.sfdc_cms__route/Address_Form": {
            "serverRevisionCounter": 185,
            "lastRetrievedFromServer": null,
            "memberType": "DigitalExperience",
            "isNameObsolete": false
        },
        "DigitalExperience__site/B2B_Providio1.sfdc_cms__view/Address_Form": {
            "serverRevisionCounter": 186,
            "lastRetrievedFromServer": null,
            "memberType": "DigitalExperience",
            "isNameObsolete": false
        },
        "DigitalExperience__site/B2B_Providio1.sfdc_cms__view/global_search": {
            "serverRevisionCounter": 148,
            "lastRetrievedFromServer": null,
            "memberType": "DigitalExperience",
            "isNameObsolete": false
        },
        "DigitalExperience__site/B2B_Providio1.sfdc_cms__route/Service_Not_Available": {
            "serverRevisionCounter": 145,
            "lastRetrievedFromServer": null,
            "memberType": "DigitalExperience",
            "isNameObsolete": false
        },
        "DigitalExperience__site/B2B_Providio1.sfdc_cms__view/serviceNotAvailable": {
            "serverRevisionCounter": 146,
            "lastRetrievedFromServer": null,
            "memberType": "DigitalExperience",
            "isNameObsolete": false
        },
        "DigitalExperience__site/B2B_Providio1.sfdc_cms__view/self_register": {
            "serverRevisionCounter": 151,
            "lastRetrievedFromServer": null,
            "memberType": "DigitalExperience",
            "isNameObsolete": false
        },
        "DigitalExperience__site/B2B_Providio1.sfdc_cms__themeLayout/externalLayout": {
            "serverRevisionCounter": 152,
            "lastRetrievedFromServer": null,
            "memberType": "DigitalExperience",
            "isNameObsolete": false
        },
        "DigitalExperience__site/B2B_Providio1.sfdc_cms__themeLayout/commerceLayout": {
            "serverRevisionCounter": 149,
            "lastRetrievedFromServer": null,
            "memberType": "DigitalExperience",
            "isNameObsolete": false
        },
        "DigitalExperience__site/B2B_Providio1.sfdc_cms__view/newsDetail": {
            "serverRevisionCounter": 187,
            "lastRetrievedFromServer": null,
            "memberType": "DigitalExperience",
            "isNameObsolete": false
        },
        "DigitalExperience__site/B2B_Providio1.sfdc_cms__route/Register": {
            "serverRevisionCounter": 150,
            "lastRetrievedFromServer": null,
            "memberType": "DigitalExperience",
            "isNameObsolete": false
        },
        "DigitalExperience__site/B2B_Providio1.sfdc_cms__route/News_Detail__c": {
            "serverRevisionCounter": 188,
            "lastRetrievedFromServer": null,
            "memberType": "DigitalExperience",
            "isNameObsolete": false
        },
        "DigitalExperience__site/B2B_Providio1.sfdc_cms__route/Payment_Processing": {
            "serverRevisionCounter": 155,
            "lastRetrievedFromServer": null,
            "memberType": "DigitalExperience",
            "isNameObsolete": false
        },
        "DigitalExperience__site/B2B_Providio1.sfdc_cms__view/payment_processing": {
            "serverRevisionCounter": 156,
            "lastRetrievedFromServer": null,
            "memberType": "DigitalExperience",
            "isNameObsolete": false
        },
        "DigitalExperience__site/B2B_Providio1.sfdc_cms__route/Product_Detail": {
            "serverRevisionCounter": 153,
            "lastRetrievedFromServer": null,
            "memberType": "DigitalExperience",
            "isNameObsolete": false
        },
        "DigitalExperience__site/B2B_Providio1.sfdc_cms__view/detail_01t": {
            "serverRevisionCounter": 154,
            "lastRetrievedFromServer": null,
            "memberType": "DigitalExperience",
            "isNameObsolete": false
        },
        "DigitalExperience__site/B2B_Providio1.sfdc_cms__route/Order_Summary": {
            "serverRevisionCounter": 157,
            "lastRetrievedFromServer": null,
            "memberType": "DigitalExperience",
            "isNameObsolete": false
        },
        "DigitalExperience__site/B2B_Providio1.sfdc_cms__view/detail_1Os": {
            "serverRevisionCounter": 192,
            "lastRetrievedFromServer": null,
            "memberType": "DigitalExperience",
            "isNameObsolete": false
        },
        "DigitalExperience__site/B2B_Providio1.sfdc_cms__route/OrderSummaryList": {
            "serverRevisionCounter": 161,
            "lastRetrievedFromServer": null,
            "memberType": "DigitalExperience",
            "isNameObsolete": false
        },
        "DigitalExperience__site/B2B_Providio1.sfdc_cms__view/list_1Os": {
            "serverRevisionCounter": 162,
            "lastRetrievedFromServer": null,
            "memberType": "DigitalExperience",
            "isNameObsolete": false
        },
        "DigitalExperience__site/B2B_Providio1.sfdc_cms__route/Order_Lookup": {
            "serverRevisionCounter": 159,
            "lastRetrievedFromServer": null,
            "memberType": "DigitalExperience",
            "isNameObsolete": false
        },
        "DigitalExperience__site/B2B_Providio1.sfdc_cms__view/order_lookup": {
            "serverRevisionCounter": 160,
            "lastRetrievedFromServer": null,
            "memberType": "DigitalExperience",
            "isNameObsolete": false
        },
        "DigitalExperience__site/B2B_Providio1.sfdc_cms__route/My_Profile": {
            "serverRevisionCounter": 165,
            "lastRetrievedFromServer": null,
            "memberType": "DigitalExperience",
            "isNameObsolete": false
        },
        "DigitalExperience__site/B2B_Providio1.sfdc_cms__view/my_profile": {
            "serverRevisionCounter": 166,
            "lastRetrievedFromServer": null,
            "memberType": "DigitalExperience",
            "isNameObsolete": false
        },
        "DigitalExperience__site/B2B_Providio1.sfdc_cms__route/Order": {
            "serverRevisionCounter": 163,
            "lastRetrievedFromServer": null,
            "memberType": "DigitalExperience",
            "isNameObsolete": false
        },
        "DigitalExperience__site/B2B_Providio1.sfdc_cms__view/order": {
            "serverRevisionCounter": 164,
            "lastRetrievedFromServer": null,
            "memberType": "DigitalExperience",
            "isNameObsolete": false
        },
        "DigitalExperience__site/B2B_Providio1.sfdc_cms__route/Home": {
            "serverRevisionCounter": 169,
            "lastRetrievedFromServer": null,
            "memberType": "DigitalExperience",
            "isNameObsolete": false
        },
        "DigitalExperience__site/B2B_Providio1.sfdc_cms__view/home": {
            "serverRevisionCounter": 3382,
            "lastRetrievedFromServer": null,
            "memberType": "DigitalExperience",
            "isNameObsolete": false
        },
        "DigitalExperience__site/B2B_Providio1.sfdc_cms__route/Login": {
            "serverRevisionCounter": 167,
            "lastRetrievedFromServer": null,
            "memberType": "DigitalExperience",
            "isNameObsolete": false
        },
        "DigitalExperience__site/B2B_Providio1.sfdc_cms__view/login_main": {
            "serverRevisionCounter": 168,
            "lastRetrievedFromServer": null,
            "memberType": "DigitalExperience",
            "isNameObsolete": false
        },
        "DigitalExperience__site/B2B_Providio1.sfdc_cms__route/Error": {
            "serverRevisionCounter": 173,
            "lastRetrievedFromServer": null,
            "memberType": "DigitalExperience",
            "isNameObsolete": false
        },
        "DigitalExperience__site/B2B_Providio1.sfdc_cms__view/error": {
            "serverRevisionCounter": 174,
            "lastRetrievedFromServer": null,
            "memberType": "DigitalExperience",
            "isNameObsolete": false
        },
        "DigitalExperience__site/B2B_Providio1.sfdc_cms__route/Forgot_Password": {
            "serverRevisionCounter": 171,
            "lastRetrievedFromServer": null,
            "memberType": "DigitalExperience",
            "isNameObsolete": false
        },
        "DigitalExperience__site/B2B_Providio1.sfdc_cms__view/forgot_password": {
            "serverRevisionCounter": 172,
            "lastRetrievedFromServer": null,
            "memberType": "DigitalExperience",
            "isNameObsolete": false
        },
        "DigitalExperience__site/B2B_Providio1.sfdc_cms__route/Current_Cart": {
            "serverRevisionCounter": 177,
            "lastRetrievedFromServer": null,
            "memberType": "DigitalExperience",
            "isNameObsolete": false
        },
        "DigitalExperience__site/B2B_Providio1.sfdc_cms__view/current_cart": {
            "serverRevisionCounter": 178,
            "lastRetrievedFromServer": null,
            "memberType": "DigitalExperience",
            "isNameObsolete": false
        },
        "DigitalExperience__site/B2B_Providio1.sfdc_cms__route/Current_Checkout": {
            "serverRevisionCounter": 175,
            "lastRetrievedFromServer": null,
            "memberType": "DigitalExperience",
            "isNameObsolete": false
        },
        "DigitalExperience__site/B2B_Providio1.sfdc_cms__view/current_checkout": {
            "serverRevisionCounter": 191,
            "lastRetrievedFromServer": null,
            "memberType": "DigitalExperience",
            "isNameObsolete": false
        },
        "DigitalExperience__site/B2B_Providio1.sfdc_cms__route/Category_Detail": {
            "serverRevisionCounter": 181,
            "lastRetrievedFromServer": null,
            "memberType": "DigitalExperience",
            "isNameObsolete": false
        },
        "DigitalExperience__site/B2B_Providio1.sfdc_cms__view/detail_0ZG": {
            "serverRevisionCounter": 4157,
            "lastRetrievedFromServer": null,
            "memberType": "DigitalExperience",
            "isNameObsolete": false
        },
        "DigitalExperience__site/B2B_Providio1.sfdc_cms__route/Check_Password": {
            "serverRevisionCounter": 179,
            "lastRetrievedFromServer": null,
            "memberType": "DigitalExperience",
            "isNameObsolete": false
        },
        "DigitalExperience__site/B2B_Providio1.sfdc_cms__view/check_password": {
            "serverRevisionCounter": 180,
            "lastRetrievedFromServer": null,
            "memberType": "DigitalExperience",
            "isNameObsolete": false
        },
        "DigitalExperienceConfig__B2B_Providio1": {
            "serverRevisionCounter": 2769,
            "lastRetrievedFromServer": null,
            "memberType": "DigitalExperienceConfig",
            "isNameObsolete": false
        },
        "ListView__ProductCategory.Store0ZSWG0000001TET4A2": {
            "serverRevisionCounter": 197,
            "lastRetrievedFromServer": null,
            "memberType": "ListView",
            "isNameObsolete": false
        },
        "Layout__Account-Commerce Account Layout": {
            "serverRevisionCounter": 400,
            "lastRetrievedFromServer": null,
            "memberType": "Layout",
            "isNameObsolete": false
        },
        "StaticResource__SNA_3KJE1_sf_default_cdn_B2B_Providio1": {
            "serverRevisionCounter": 4154,
            "lastRetrievedFromServer": null,
            "memberType": "StaticResource",
            "isNameObsolete": false
        },
        "LightningComponentBundle__hpCarousel": {
            "serverRevisionCounter": 1037,
            "lastRetrievedFromServer": 1037,
            "memberType": "LightningComponentBundle",
            "isNameObsolete": false
        },
        "LightningComponentResource__hpCarousel/hpCarousel.html": {
            "serverRevisionCounter": 1038,
            "lastRetrievedFromServer": 1038,
            "memberType": "LightningComponentResource",
            "isNameObsolete": false
        },
        "LightningComponentResource__hpCarousel/hpCarousel.css": {
            "serverRevisionCounter": 1039,
            "lastRetrievedFromServer": 1039,
            "memberType": "LightningComponentResource",
            "isNameObsolete": false
        },
        "LightningComponentResource__hpCarousel/hpCarousel.js-meta.xml": {
            "serverRevisionCounter": 1040,
            "lastRetrievedFromServer": 1040,
            "memberType": "LightningComponentResource",
            "isNameObsolete": false
        },
        "LightningComponentResource__hpCarousel/hpCarousel.js": {
            "serverRevisionCounter": 1041,
            "lastRetrievedFromServer": 1041,
            "memberType": "LightningComponentResource",
            "isNameObsolete": false
        },
        "StaticResource__SNA_Idg0U_sf_default_cdn_Providio_LWR1": {
            "serverRevisionCounter": 447,
            "lastRetrievedFromServer": null,
            "memberType": "StaticResource",
            "isNameObsolete": false
        },
        "StaticResource__SiteSamples": {
            "serverRevisionCounter": 4028,
            "lastRetrievedFromServer": null,
            "memberType": "StaticResource",
            "isNameObsolete": false
        },
        "LightningComponentBundle__carousel": {
            "serverRevisionCounter": 834,
            "lastRetrievedFromServer": null,
            "memberType": "LightningComponentBundle",
            "isNameObsolete": false
        },
        "LightningComponentResource__carousel/carousel.html": {
            "serverRevisionCounter": 835,
            "lastRetrievedFromServer": null,
            "memberType": "LightningComponentResource",
            "isNameObsolete": false
        },
        "LightningComponentResource__carousel/carousel.css": {
            "serverRevisionCounter": 836,
            "lastRetrievedFromServer": null,
            "memberType": "LightningComponentResource",
            "isNameObsolete": false
        },
        "LightningComponentResource__carousel/carousel.js-meta.xml": {
            "serverRevisionCounter": 837,
            "lastRetrievedFromServer": null,
            "memberType": "LightningComponentResource",
            "isNameObsolete": false
        },
        "LightningComponentResource__carousel/carousel.js": {
            "serverRevisionCounter": 838,
            "lastRetrievedFromServer": null,
            "memberType": "LightningComponentResource",
            "isNameObsolete": false
        },
        "CspTrustedSite__google": {
            "serverRevisionCounter": 605,
            "lastRetrievedFromServer": null,
            "memberType": "CspTrustedSite",
            "isNameObsolete": false
        },
        "CspTrustedSite__www_google_com": {
            "serverRevisionCounter": 611,
            "lastRetrievedFromServer": null,
            "memberType": "CspTrustedSite",
            "isNameObsolete": false
        },
        "DigitalExperience__site/B2B_Providio1.sfdc_cms__trustedSites/trustedSites": {
            "serverRevisionCounter": 614,
            "lastRetrievedFromServer": null,
            "memberType": "DigitalExperience",
            "isNameObsolete": false
        },
        "DigitalExperience__site/B2B_Providio1.sfdc_cms__brandingSet/Carousel": {
            "serverRevisionCounter": 907,
            "lastRetrievedFromServer": null,
            "memberType": "DigitalExperience",
            "isNameObsolete": false
        },
        "Profile__Admin": {
            "serverRevisionCounter": 4524,
            "lastRetrievedFromServer": null,
            "memberType": "Profile",
            "isNameObsolete": false
        },
        "ApexClass__CMSContentController": {
            "serverRevisionCounter": 988,
            "lastRetrievedFromServer": null,
            "memberType": "ApexClass",
            "isNameObsolete": true
        },
        "ApexClass__ManagedContentController": {
            "serverRevisionCounter": 989,
            "lastRetrievedFromServer": null,
            "memberType": "ApexClass",
            "isNameObsolete": false
        },
        "CustomField__Product2.Content_Type__c": {
            "serverRevisionCounter": 3460,
            "lastRetrievedFromServer": null,
            "memberType": "CustomField",
            "isNameObsolete": false
        },
        "Layout__Product2-Commerce Product Layout": {
            "serverRevisionCounter": 1206,
            "lastRetrievedFromServer": null,
            "memberType": "Layout",
            "isNameObsolete": false
        },
        "Layout__Product2-Product Layout": {
            "serverRevisionCounter": 1207,
            "lastRetrievedFromServer": null,
            "memberType": "Layout",
            "isNameObsolete": false
        },
        "Profile__B2B Reordering Portal Buyer Profile": {
            "serverRevisionCounter": 1208,
            "lastRetrievedFromServer": null,
            "memberType": "Profile",
            "isNameObsolete": false
        },
        "Profile__Commerce Business User Profile": {
            "serverRevisionCounter": 1209,
            "lastRetrievedFromServer": null,
            "memberType": "Profile",
            "isNameObsolete": false
        },
        "Profile__Read Only": {
            "serverRevisionCounter": 1210,
            "lastRetrievedFromServer": null,
            "memberType": "Profile",
            "isNameObsolete": false
        },
        "CustomField__Product2.Adjustment_Percent__c": {
            "serverRevisionCounter": 1059,
            "lastRetrievedFromServer": null,
            "memberType": "CustomField",
            "isNameObsolete": false
        },
        "CustomField__Product2.Adjustment_Amount__c": {
            "serverRevisionCounter": 1066,
            "lastRetrievedFromServer": null,
            "memberType": "CustomField",
            "isNameObsolete": false
        },
        "CustomField__Product2.isDiscounted__c": {
            "serverRevisionCounter": 1095,
            "lastRetrievedFromServer": null,
            "memberType": "CustomField",
            "isNameObsolete": false
        },
        "CustomField__Product2.isDiscountedAmount__c": {
            "serverRevisionCounter": 1088,
            "lastRetrievedFromServer": null,
            "memberType": "CustomField",
            "isNameObsolete": false
        },
        "CustomField__Product2.Final_price__c": {
            "serverRevisionCounter": 1102,
            "lastRetrievedFromServer": null,
            "memberType": "CustomField",
            "isNameObsolete": false
        },
        "CustomField__Product2.Final_Discount__c": {
            "serverRevisionCounter": 1109,
            "lastRetrievedFromServer": null,
            "memberType": "CustomField",
            "isNameObsolete": false
        },
        "ApexClass__DisplayProductRecords": {
            "serverRevisionCounter": 4443,
            "lastRetrievedFromServer": null,
            "memberType": "ApexClass",
            "isNameObsolete": false
        },
        "LightningComponentBundle__quantitySelectorInsights": {
            "serverRevisionCounter": 1118,
            "lastRetrievedFromServer": null,
            "memberType": "LightningComponentBundle",
            "isNameObsolete": false
        },
        "LightningComponentResource__quantitySelectorInsights/quantitySelectorInsights.html": {
            "serverRevisionCounter": 1119,
            "lastRetrievedFromServer": null,
            "memberType": "LightningComponentResource",
            "isNameObsolete": false
        },
        "LightningComponentResource__quantitySelectorInsights/quantitySelectorInsights.js-meta.xml": {
            "serverRevisionCounter": 1120,
            "lastRetrievedFromServer": null,
            "memberType": "LightningComponentResource",
            "isNameObsolete": false
        },
        "LightningComponentResource__quantitySelectorInsights/quantitySelectorInsights.css": {
            "serverRevisionCounter": 1121,
            "lastRetrievedFromServer": null,
            "memberType": "LightningComponentResource",
            "isNameObsolete": false
        },
        "LightningComponentResource__quantitySelectorInsights/quantitySelectorInsights.js": {
            "serverRevisionCounter": 1122,
            "lastRetrievedFromServer": null,
            "memberType": "LightningComponentResource",
            "isNameObsolete": false
        },
        "LightningComponentBundle__sldsCarouselCmsPanel": {
            "serverRevisionCounter": 4049,
            "lastRetrievedFromServer": null,
            "memberType": "LightningComponentBundle",
            "isNameObsolete": false
        },
        "LightningComponentResource__sldsCarouselCmsPanel/sldsCarouselCmsPanel.html": {
            "serverRevisionCounter": 4050,
            "lastRetrievedFromServer": null,
            "memberType": "LightningComponentResource",
            "isNameObsolete": false
        },
        "LightningComponentResource__sldsCarouselCmsPanel/sldsCarouselCmsPanel.js-meta.xml": {
            "serverRevisionCounter": 4051,
            "lastRetrievedFromServer": null,
            "memberType": "LightningComponentResource",
            "isNameObsolete": false
        },
        "LightningComponentResource__sldsCarouselCmsPanel/sldsCarouselCmsPanel.js": {
            "serverRevisionCounter": 4052,
            "lastRetrievedFromServer": null,
            "memberType": "LightningComponentResource",
            "isNameObsolete": false
        },
        "LightningComponentBundle__productTile": {
            "serverRevisionCounter": 4590,
            "lastRetrievedFromServer": 4590,
            "memberType": "LightningComponentBundle",
            "isNameObsolete": false
        },
        "LightningComponentResource__productTile/productTile.js-meta.xml": {
            "serverRevisionCounter": 4591,
            "lastRetrievedFromServer": 4591,
            "memberType": "LightningComponentResource",
            "isNameObsolete": false
        },
        "LightningComponentResource__productTile/productTile.js": {
            "serverRevisionCounter": 4592,
            "lastRetrievedFromServer": 4592,
            "memberType": "LightningComponentResource",
            "isNameObsolete": false
        },
        "LightningComponentResource__productTile/productTile.html": {
            "serverRevisionCounter": 4593,
            "lastRetrievedFromServer": 4593,
            "memberType": "LightningComponentResource",
            "isNameObsolete": false
        },
        "CustomField__Product2.Feature_Product__c": {
            "serverRevisionCounter": 1205,
            "lastRetrievedFromServer": null,
            "memberType": "CustomField",
            "isNameObsolete": false
        },
        "PermissionSet__Buyer_permission": {
            "serverRevisionCounter": 2867,
            "lastRetrievedFromServer": null,
            "memberType": "PermissionSet",
            "isNameObsolete": false
        },
        "FlexiPage__Product_Record_Page": {
            "serverRevisionCounter": 1300,
            "lastRetrievedFromServer": null,
            "memberType": "FlexiPage",
            "isNameObsolete": false
        },
        "ApexClass__FeaturedProductsController": {
            "serverRevisionCounter": 3475,
            "lastRetrievedFromServer": null,
            "memberType": "ApexClass",
            "isNameObsolete": false
        },
        "LightningComponentBundle__featuredProducts1": {
            "serverRevisionCounter": 1362,
            "lastRetrievedFromServer": null,
            "memberType": "LightningComponentBundle",
            "isNameObsolete": false
        },
        "LightningComponentResource__featuredProducts1/featuredProducts1.js-meta.xml": {
            "serverRevisionCounter": 1363,
            "lastRetrievedFromServer": null,
            "memberType": "LightningComponentResource",
            "isNameObsolete": false
        },
        "LightningComponentResource__featuredProducts1/featuredProducts1.js": {
            "serverRevisionCounter": 1364,
            "lastRetrievedFromServer": null,
            "memberType": "LightningComponentResource",
            "isNameObsolete": false
        },
        "LightningComponentResource__featuredProducts1/featuredProducts1.html": {
            "serverRevisionCounter": 1365,
            "lastRetrievedFromServer": null,
            "memberType": "LightningComponentResource",
            "isNameObsolete": false
        },
        "LightningComponentResource__featuredProducts1/featuredProducts1.css": {
            "serverRevisionCounter": 1366,
            "lastRetrievedFromServer": null,
            "memberType": "LightningComponentResource",
            "isNameObsolete": false
        },
        "LightningComponentResource__productTile/productTile.css": {
            "serverRevisionCounter": 4594,
            "lastRetrievedFromServer": 4594,
            "memberType": "LightningComponentResource",
            "isNameObsolete": false
        },
        "CspTrustedSite__CommTrustedSite": {
            "serverRevisionCounter": 1417,
            "lastRetrievedFromServer": null,
            "memberType": "CspTrustedSite",
            "isNameObsolete": false
        },
        "FlexiPage__Buyer_Group_Record_Page1": {
            "serverRevisionCounter": 1458,
            "lastRetrievedFromServer": null,
            "memberType": "FlexiPage",
            "isNameObsolete": false
        },
        "CustomObject__BuyerGroup": {
            "serverRevisionCounter": 1460,
            "lastRetrievedFromServer": null,
            "memberType": "CustomObject",
            "isNameObsolete": false
        },
        "ApexClass__AddWishList": {
            "serverRevisionCounter": 8133,
            "lastRetrievedFromServer": 3814,
            "memberType": "ApexClass",
            "isNameObsolete": false
        },
        "Profile__CI_Quest EStore Profile": {
            "serverRevisionCounter": 2699,
            "lastRetrievedFromServer": null,
            "memberType": "Profile",
            "isNameObsolete": false
        },
        "CustomSite__CI_Quest_EStore": {
            "serverRevisionCounter": 4053,
            "lastRetrievedFromServer": null,
            "memberType": "CustomSite",
            "isNameObsolete": false
        },
        "NetworkBranding__cbCI_Quest_EStore": {
            "serverRevisionCounter": 2260,
            "lastRetrievedFromServer": null,
            "memberType": "NetworkBranding",
            "isNameObsolete": false
        },
        "NavigationMenu__Default_Navigation2": {
            "serverRevisionCounter": 2434,
            "lastRetrievedFromServer": null,
            "memberType": "NavigationMenu",
            "isNameObsolete": false
        },
        "Audience__Default2": {
            "serverRevisionCounter": 2264,
            "lastRetrievedFromServer": null,
            "memberType": "Audience",
            "isNameObsolete": false
        },
        "Network__CI_Quest EStore": {
            "serverRevisionCounter": 3899,
            "lastRetrievedFromServer": null,
            "memberType": "Network",
            "isNameObsolete": false
        },
        "DigitalExperienceBundle__site/CI_Quest_EStore1": {
            "serverRevisionCounter": 4026,
            "lastRetrievedFromServer": null,
            "memberType": "DigitalExperienceBundle",
            "isNameObsolete": false
        },
        "DigitalExperience__site/CI_Quest_EStore1.sfdc_cms__languageSettings/languages": {
            "serverRevisionCounter": 4056,
            "lastRetrievedFromServer": null,
            "memberType": "DigitalExperience",
            "isNameObsolete": false
        },
        "DigitalExperience__site/CI_Quest_EStore1.sfdc_cms__mobilePublisherConfig/mobilePublisherConfig": {
            "serverRevisionCounter": 4057,
            "lastRetrievedFromServer": null,
            "memberType": "DigitalExperience",
            "isNameObsolete": false
        },
        "NavigationMenu__Default_User_Profile_Menu2": {
            "serverRevisionCounter": 2443,
            "lastRetrievedFromServer": null,
            "memberType": "NavigationMenu",
            "isNameObsolete": false
        },
        "NavigationMenu__Default_Social_Media_Menu2": {
            "serverRevisionCounter": 2441,
            "lastRetrievedFromServer": null,
            "memberType": "NavigationMenu",
            "isNameObsolete": false
        },
        "NavigationMenu__Default_My_Account_Menu2": {
            "serverRevisionCounter": 2445,
            "lastRetrievedFromServer": null,
            "memberType": "NavigationMenu",
            "isNameObsolete": false
        },
        "DigitalExperience__site/CI_Quest_EStore1.sfdc_cms__styles/styles_css": {
            "serverRevisionCounter": 4083,
            "lastRetrievedFromServer": null,
            "memberType": "DigitalExperience",
            "isNameObsolete": false
        },
        "DigitalExperience__site/CI_Quest_EStore1.sfdc_cms__route/Register": {
            "serverRevisionCounter": 4076,
            "lastRetrievedFromServer": null,
            "memberType": "DigitalExperience",
            "isNameObsolete": false
        },
        "DigitalExperience__site/CI_Quest_EStore1.sfdc_cms__themeLayout/commerceLayout": {
            "serverRevisionCounter": 4086,
            "lastRetrievedFromServer": null,
            "memberType": "DigitalExperience",
            "isNameObsolete": false
        },
        "DigitalExperience__site/CI_Quest_EStore1.sfdc_cms__view/detail_01t": {
            "serverRevisionCounter": 4118,
            "lastRetrievedFromServer": null,
            "memberType": "DigitalExperience",
            "isNameObsolete": false
        },
        "DigitalExperience__site/CI_Quest_EStore1.sfdc_cms__route/Product_Detail": {
            "serverRevisionCounter": 4075,
            "lastRetrievedFromServer": null,
            "memberType": "DigitalExperience",
            "isNameObsolete": false
        },
        "DigitalExperience__site/CI_Quest_EStore1.sfdc_cms__themeLayout/externalLayout": {
            "serverRevisionCounter": 4087,
            "lastRetrievedFromServer": null,
            "memberType": "DigitalExperience",
            "isNameObsolete": false
        },
        "DigitalExperience__site/CI_Quest_EStore1.sfdc_cms__view/self_register": {
            "serverRevisionCounter": 4110,
            "lastRetrievedFromServer": null,
            "memberType": "DigitalExperience",
            "isNameObsolete": false
        },
        "DigitalExperience__site/CI_Quest_EStore1.sfdc_cms__view/detail_1Os": {
            "serverRevisionCounter": 4119,
            "lastRetrievedFromServer": null,
            "memberType": "DigitalExperience",
            "isNameObsolete": false
        },
        "DigitalExperience__site/CI_Quest_EStore1.sfdc_cms__route/Order_Summary": {
            "serverRevisionCounter": 4073,
            "lastRetrievedFromServer": null,
            "memberType": "DigitalExperience",
            "isNameObsolete": false
        },
        "DigitalExperience__site/CI_Quest_EStore1.sfdc_cms__view/payment_processing": {
            "serverRevisionCounter": 4109,
            "lastRetrievedFromServer": null,
            "memberType": "DigitalExperience",
            "isNameObsolete": false
        },
        "DigitalExperience__site/CI_Quest_EStore1.sfdc_cms__route/Payment_Processing": {
            "serverRevisionCounter": 4074,
            "lastRetrievedFromServer": null,
            "memberType": "DigitalExperience",
            "isNameObsolete": false
        },
        "DigitalExperience__site/CI_Quest_EStore1.sfdc_cms__route/Order_Lookup": {
            "serverRevisionCounter": 4072,
            "lastRetrievedFromServer": null,
            "memberType": "DigitalExperience",
            "isNameObsolete": false
        },
        "DigitalExperience__site/CI_Quest_EStore1.sfdc_cms__route/Order": {
            "serverRevisionCounter": 4070,
            "lastRetrievedFromServer": null,
            "memberType": "DigitalExperience",
            "isNameObsolete": false
        },
        "DigitalExperience__site/CI_Quest_EStore1.sfdc_cms__view/list_1Os": {
            "serverRevisionCounter": 4115,
            "lastRetrievedFromServer": null,
            "memberType": "DigitalExperience",
            "isNameObsolete": false
        },
        "DigitalExperience__site/CI_Quest_EStore1.sfdc_cms__route/OrderSummaryList": {
            "serverRevisionCounter": 4071,
            "lastRetrievedFromServer": null,
            "memberType": "DigitalExperience",
            "isNameObsolete": false
        },
        "DigitalExperience__site/CI_Quest_EStore1.sfdc_cms__view/order_lookup": {
            "serverRevisionCounter": 4108,
            "lastRetrievedFromServer": null,
            "memberType": "DigitalExperience",
            "isNameObsolete": false
        },
        "DigitalExperience__site/CI_Quest_EStore1.sfdc_cms__route/Login": {
            "serverRevisionCounter": 4067,
            "lastRetrievedFromServer": null,
            "memberType": "DigitalExperience",
            "isNameObsolete": false
        },
        "DigitalExperience__site/CI_Quest_EStore1.sfdc_cms__view/my_profile": {
            "serverRevisionCounter": 4105,
            "lastRetrievedFromServer": null,
            "memberType": "DigitalExperience",
            "isNameObsolete": false
        },
        "DigitalExperience__site/CI_Quest_EStore1.sfdc_cms__route/My_Profile": {
            "serverRevisionCounter": 4068,
            "lastRetrievedFromServer": null,
            "memberType": "DigitalExperience",
            "isNameObsolete": false
        },
        "DigitalExperience__site/CI_Quest_EStore1.sfdc_cms__view/order": {
            "serverRevisionCounter": 4107,
            "lastRetrievedFromServer": null,
            "memberType": "DigitalExperience",
            "isNameObsolete": false
        },
        "DigitalExperience__site/CI_Quest_EStore1.sfdc_cms__route/Forgot_Password": {
            "serverRevisionCounter": 4065,
            "lastRetrievedFromServer": null,
            "memberType": "DigitalExperience",
            "isNameObsolete": false
        },
        "DigitalExperience__site/CI_Quest_EStore1.sfdc_cms__theme/B2B_Commerce": {
            "serverRevisionCounter": 4084,
            "lastRetrievedFromServer": null,
            "memberType": "DigitalExperience",
            "isNameObsolete": false
        },
        "DigitalExperience__site/CI_Quest_EStore1.sfdc_cms__appPage/mainAppPage": {
            "serverRevisionCounter": 4054,
            "lastRetrievedFromServer": null,
            "memberType": "DigitalExperience",
            "isNameObsolete": false
        },
        "DigitalExperience__site/CI_Quest_EStore1.sfdc_cms__view/home": {
            "serverRevisionCounter": 4274,
            "lastRetrievedFromServer": null,
            "memberType": "DigitalExperience",
            "isNameObsolete": false
        },
        "DigitalExperience__site/CI_Quest_EStore1.sfdc_cms__route/Home": {
            "serverRevisionCounter": 4066,
            "lastRetrievedFromServer": null,
            "memberType": "DigitalExperience",
            "isNameObsolete": false
        },
        "DigitalExperience__site/CI_Quest_EStore1.sfdc_cms__site/CI_Quest_EStore1": {
            "serverRevisionCounter": 4082,
            "lastRetrievedFromServer": null,
            "memberType": "DigitalExperience",
            "isNameObsolete": false
        },
        "DigitalExperience__site/CI_Quest_EStore1.sfdc_cms__view/login_main": {
            "serverRevisionCounter": 4104,
            "lastRetrievedFromServer": null,
            "memberType": "DigitalExperience",
            "isNameObsolete": false
        },
        "DigitalExperience__site/CI_Quest_EStore1.sfdc_cms__themeLayout/myAccountLayout": {
            "serverRevisionCounter": 4088,
            "lastRetrievedFromServer": null,
            "memberType": "DigitalExperience",
            "isNameObsolete": false
        },
        "DigitalExperience__site/CI_Quest_EStore1.sfdc_cms__route/Current_Checkout": {
            "serverRevisionCounter": 4063,
            "lastRetrievedFromServer": null,
            "memberType": "DigitalExperience",
            "isNameObsolete": false
        },
        "DigitalExperience__site/CI_Quest_EStore1.sfdc_cms__view/error": {
            "serverRevisionCounter": 4099,
            "lastRetrievedFromServer": null,
            "memberType": "DigitalExperience",
            "isNameObsolete": false
        },
        "DigitalExperience__site/CI_Quest_EStore1.sfdc_cms__view/Wishlist": {
            "serverRevisionCounter": 4117,
            "lastRetrievedFromServer": null,
            "memberType": "DigitalExperience",
            "isNameObsolete": false
        },
        "DigitalExperience__site/CI_Quest_EStore1.sfdc_cms__route/Wishlist": {
            "serverRevisionCounter": 4081,
            "lastRetrievedFromServer": null,
            "memberType": "DigitalExperience",
            "isNameObsolete": false
        },
        "DigitalExperience__site/CI_Quest_EStore1.sfdc_cms__route/Error": {
            "serverRevisionCounter": 4064,
            "lastRetrievedFromServer": null,
            "memberType": "DigitalExperience",
            "isNameObsolete": false
        },
        "DigitalExperience__site/CI_Quest_EStore1.sfdc_cms__view/forgot_password": {
            "serverRevisionCounter": 4100,
            "lastRetrievedFromServer": null,
            "memberType": "DigitalExperience",
            "isNameObsolete": false
        },
        "DigitalExperience__site/CI_Quest_EStore1.sfdc_cms__brandingSet/B2B_Commerce": {
            "serverRevisionCounter": 4055,
            "lastRetrievedFromServer": null,
            "memberType": "DigitalExperience",
            "isNameObsolete": false
        },
        "DigitalExperience__site/CI_Quest_EStore1.sfdc_cms__route/Split_Shipment": {
            "serverRevisionCounter": 4079,
            "lastRetrievedFromServer": null,
            "memberType": "DigitalExperience",
            "isNameObsolete": false
        },
        "DigitalExperience__site/CI_Quest_EStore1.sfdc_cms__route/Check_Password": {
            "serverRevisionCounter": 4061,
            "lastRetrievedFromServer": null,
            "memberType": "DigitalExperience",
            "isNameObsolete": false
        },
        "DigitalExperience__site/CI_Quest_EStore1.sfdc_cms__view/current_cart": {
            "serverRevisionCounter": 4116,
            "lastRetrievedFromServer": null,
            "memberType": "DigitalExperience",
            "isNameObsolete": false
        },
        "DigitalExperience__site/CI_Quest_EStore1.sfdc_cms__themeLayout/snaThemeLayout": {
            "serverRevisionCounter": 4089,
            "lastRetrievedFromServer": null,
            "memberType": "DigitalExperience",
            "isNameObsolete": false
        },
        "DigitalExperience__site/CI_Quest_EStore1.sfdc_cms__view/tooManyRequests": {
            "serverRevisionCounter": 4113,
            "lastRetrievedFromServer": null,
            "memberType": "DigitalExperience",
            "isNameObsolete": false
        },
        "DigitalExperience__site/CI_Quest_EStore1.sfdc_cms__route/Current_Cart": {
            "serverRevisionCounter": 4062,
            "lastRetrievedFromServer": null,
            "memberType": "DigitalExperience",
            "isNameObsolete": false
        },
        "DigitalExperience__site/CI_Quest_EStore1.sfdc_cms__view/current_checkout": {
            "serverRevisionCounter": 4095,
            "lastRetrievedFromServer": null,
            "memberType": "DigitalExperience",
            "isNameObsolete": false
        },
        "DigitalExperience__site/CI_Quest_EStore1.sfdc_cms__route/Too_Many_Requests": {
            "serverRevisionCounter": 4080,
            "lastRetrievedFromServer": null,
            "memberType": "DigitalExperience",
            "isNameObsolete": false
        },
        "DigitalExperience__site/CI_Quest_EStore1.sfdc_cms__route/Address_List": {
            "serverRevisionCounter": 4059,
            "lastRetrievedFromServer": null,
            "memberType": "DigitalExperience",
            "isNameObsolete": false
        },
        "DigitalExperience__site/CI_Quest_EStore1.sfdc_cms__view/serviceNotAvailable": {
            "serverRevisionCounter": 4111,
            "lastRetrievedFromServer": null,
            "memberType": "DigitalExperience",
            "isNameObsolete": false
        },
        "DigitalExperience__site/CI_Quest_EStore1.sfdc_cms__view/detail_0ZG": {
            "serverRevisionCounter": 4553,
            "lastRetrievedFromServer": null,
            "memberType": "DigitalExperience",
            "isNameObsolete": false
        },
        "DigitalExperience__site/CI_Quest_EStore1.sfdc_cms__route/Service_Not_Available": {
            "serverRevisionCounter": 4078,
            "lastRetrievedFromServer": null,
            "memberType": "DigitalExperience",
            "isNameObsolete": false
        },
        "DigitalExperience__site/CI_Quest_EStore1.sfdc_cms__themeLayout/checkoutLayout": {
            "serverRevisionCounter": 4085,
            "lastRetrievedFromServer": null,
            "memberType": "DigitalExperience",
            "isNameObsolete": false
        },
        "DigitalExperience__site/CI_Quest_EStore1.sfdc_cms__route/Category_Detail": {
            "serverRevisionCounter": 4060,
            "lastRetrievedFromServer": null,
            "memberType": "DigitalExperience",
            "isNameObsolete": false
        },
        "DigitalExperience__site/CI_Quest_EStore1.sfdc_cms__view/check_password": {
            "serverRevisionCounter": 4093,
            "lastRetrievedFromServer": null,
            "memberType": "DigitalExperience",
            "isNameObsolete": false
        },
        "DigitalExperience__site/CI_Quest_EStore1.sfdc_cms__view/split_shipment": {
            "serverRevisionCounter": 4112,
            "lastRetrievedFromServer": null,
            "memberType": "DigitalExperience",
            "isNameObsolete": false
        },
        "DigitalExperience__site/CI_Quest_EStore1.sfdc_cms__view/global_search": {
            "serverRevisionCounter": 4101,
            "lastRetrievedFromServer": null,
            "memberType": "DigitalExperience",
            "isNameObsolete": false
        },
        "DigitalExperience__site/CI_Quest_EStore1.sfdc_cms__route/Search": {
            "serverRevisionCounter": 4077,
            "lastRetrievedFromServer": null,
            "memberType": "DigitalExperience",
            "isNameObsolete": false
        },
        "DigitalExperience__site/CI_Quest_EStore1.sfdc_cms__view/addresses": {
            "serverRevisionCounter": 4092,
            "lastRetrievedFromServer": null,
            "memberType": "DigitalExperience",
            "isNameObsolete": false
        },
        "DigitalExperience__site/CI_Quest_EStore1.sfdc_cms__route/Address_Form": {
            "serverRevisionCounter": 4058,
            "lastRetrievedFromServer": null,
            "memberType": "DigitalExperience",
            "isNameObsolete": false
        },
        "DigitalExperience__site/CI_Quest_EStore1.sfdc_cms__route/News_Detail__c": {
            "serverRevisionCounter": 4069,
            "lastRetrievedFromServer": null,
            "memberType": "DigitalExperience",
            "isNameObsolete": false
        },
        "DigitalExperience__site/CI_Quest_EStore1.sfdc_cms__view/newsDetail": {
            "serverRevisionCounter": 4106,
            "lastRetrievedFromServer": null,
            "memberType": "DigitalExperience",
            "isNameObsolete": false
        },
        "DigitalExperience__site/CI_Quest_EStore1.sfdc_cms__view/Address_Form": {
            "serverRevisionCounter": 4090,
            "lastRetrievedFromServer": null,
            "memberType": "DigitalExperience",
            "isNameObsolete": false
        },
        "DigitalExperienceConfig__CI_Quest_EStore1": {
            "serverRevisionCounter": 2471,
            "lastRetrievedFromServer": null,
            "memberType": "DigitalExperienceConfig",
            "isNameObsolete": false
        },
        "StaticResource__SNA_TvrP6_sf_default_cdn_CI_Quest_EStore1": {
            "serverRevisionCounter": 3403,
            "lastRetrievedFromServer": null,
            "memberType": "StaticResource",
            "isNameObsolete": false
        },
        "ListView__ProductCategory.Store0ZSWG0000001ccj4AA": {
            "serverRevisionCounter": 2464,
            "lastRetrievedFromServer": null,
            "memberType": "ListView",
            "isNameObsolete": false
        },
        "ApexClass__Product2Controller": {
            "serverRevisionCounter": 3482,
            "lastRetrievedFromServer": null,
            "memberType": "ApexClass",
            "isNameObsolete": false
        },
        "ApexClass__SiteInfo": {
            "serverRevisionCounter": 3484,
            "lastRetrievedFromServer": null,
            "memberType": "ApexClass",
            "isNameObsolete": false
        },
        "LightningComponentBundle__purchaseProductFullWidth": {
            "serverRevisionCounter": 4044,
            "lastRetrievedFromServer": null,
            "memberType": "LightningComponentBundle",
            "isNameObsolete": false
        },
        "LightningComponentResource__purchaseProductFullWidth/purchaseProductFullWidth.css": {
            "serverRevisionCounter": 4045,
            "lastRetrievedFromServer": null,
            "memberType": "LightningComponentResource",
            "isNameObsolete": false
        },
        "LightningComponentResource__purchaseProductFullWidth/purchaseProductFullWidth.html": {
            "serverRevisionCounter": 4046,
            "lastRetrievedFromServer": null,
            "memberType": "LightningComponentResource",
            "isNameObsolete": false
        },
        "LightningComponentResource__purchaseProductFullWidth/purchaseProductFullWidth.js": {
            "serverRevisionCounter": 4047,
            "lastRetrievedFromServer": null,
            "memberType": "LightningComponentResource",
            "isNameObsolete": false
        },
        "LightningComponentResource__purchaseProductFullWidth/purchaseProductFullWidth.js-meta.xml": {
            "serverRevisionCounter": 4048,
            "lastRetrievedFromServer": null,
            "memberType": "LightningComponentResource",
            "isNameObsolete": false
        },
        "ApexClass__QuestFeaturedProductsControler": {
            "serverRevisionCounter": 2757,
            "lastRetrievedFromServer": null,
            "memberType": "ApexClass",
            "isNameObsolete": false
        },
        "LightningComponentBundle__questFeaturedProducts": {
            "serverRevisionCounter": 2758,
            "lastRetrievedFromServer": null,
            "memberType": "LightningComponentBundle",
            "isNameObsolete": false
        },
        "LightningComponentResource__questFeaturedProducts/questFeaturedProducts.js": {
            "serverRevisionCounter": 2759,
            "lastRetrievedFromServer": null,
            "memberType": "LightningComponentResource",
            "isNameObsolete": false
        },
        "LightningComponentResource__questFeaturedProducts/questFeaturedProducts.js-meta.xml": {
            "serverRevisionCounter": 2760,
            "lastRetrievedFromServer": null,
            "memberType": "LightningComponentResource",
            "isNameObsolete": false
        },
        "LightningComponentResource__questFeaturedProducts/questFeaturedProducts.css": {
            "serverRevisionCounter": 2761,
            "lastRetrievedFromServer": null,
            "memberType": "LightningComponentResource",
            "isNameObsolete": false
        },
        "LightningComponentResource__questFeaturedProducts/questFeaturedProducts.html": {
            "serverRevisionCounter": 2762,
            "lastRetrievedFromServer": null,
            "memberType": "LightningComponentResource",
            "isNameObsolete": false
        },
        "PermissionSet__Quest_Buyer_Permission": {
            "serverRevisionCounter": 2773,
            "lastRetrievedFromServer": null,
            "memberType": "PermissionSet",
            "isNameObsolete": false
        },
        "CustomLabel__WebstoreId": {
            "serverRevisionCounter": 4345,
            "lastRetrievedFromServer": null,
            "memberType": "CustomLabel",
            "isNameObsolete": false
        },
        "ApexClass__ProductTile": {
            "serverRevisionCounter": 8104,
            "lastRetrievedFromServer": 4829,
            "memberType": "ApexClass",
            "isNameObsolete": false
        },
        "CustomField__Product2.Featured_Product__c": {
            "serverRevisionCounter": 3461,
            "lastRetrievedFromServer": null,
            "memberType": "CustomField",
            "isNameObsolete": false
        },
        "ApexClass__CCA_CartOrchestrator": {
            "serverRevisionCounter": 3462,
            "lastRetrievedFromServer": null,
            "memberType": "ApexClass",
            "isNameObsolete": false
        },
        "ApexClass__CCA_ShippingDefault": {
            "serverRevisionCounter": 3463,
            "lastRetrievedFromServer": null,
            "memberType": "ApexClass",
            "isNameObsolete": false
        },
        "ApexClass__CCA_TaxDefault": {
            "serverRevisionCounter": 3464,
            "lastRetrievedFromServer": null,
            "memberType": "ApexClass",
            "isNameObsolete": false
        },
        "ApexClass__ChangePasswordController": {
            "serverRevisionCounter": 3465,
            "lastRetrievedFromServer": null,
            "memberType": "ApexClass",
            "isNameObsolete": false
        },
        "ApexClass__ChangePasswordControllerTest": {
            "serverRevisionCounter": 3466,
            "lastRetrievedFromServer": null,
            "memberType": "ApexClass",
            "isNameObsolete": false
        },
        "ApexClass__CommunitiesLandingController": {
            "serverRevisionCounter": 3467,
            "lastRetrievedFromServer": null,
            "memberType": "ApexClass",
            "isNameObsolete": false
        },
        "ApexClass__CommunitiesLandingControllerTest": {
            "serverRevisionCounter": 3468,
            "lastRetrievedFromServer": null,
            "memberType": "ApexClass",
            "isNameObsolete": false
        },
        "ApexClass__CommunitiesLoginController": {
            "serverRevisionCounter": 3469,
            "lastRetrievedFromServer": null,
            "memberType": "ApexClass",
            "isNameObsolete": false
        },
        "ApexClass__CommunitiesLoginControllerTest": {
            "serverRevisionCounter": 3470,
            "lastRetrievedFromServer": null,
            "memberType": "ApexClass",
            "isNameObsolete": false
        },
        "ApexClass__CommunitiesSelfRegConfirmController": {
            "serverRevisionCounter": 3471,
            "lastRetrievedFromServer": null,
            "memberType": "ApexClass",
            "isNameObsolete": false
        },
        "ApexClass__CommunitiesSelfRegConfirmControllerTest": {
            "serverRevisionCounter": 3472,
            "lastRetrievedFromServer": null,
            "memberType": "ApexClass",
            "isNameObsolete": false
        },
        "ApexClass__CommunitiesSelfRegController": {
            "serverRevisionCounter": 3473,
            "lastRetrievedFromServer": null,
            "memberType": "ApexClass",
            "isNameObsolete": false
        },
        "ApexClass__CommunitiesSelfRegControllerTest": {
            "serverRevisionCounter": 3474,
            "lastRetrievedFromServer": null,
            "memberType": "ApexClass",
            "isNameObsolete": false
        },
        "ApexClass__ForgotPasswordController": {
            "serverRevisionCounter": 3476,
            "lastRetrievedFromServer": null,
            "memberType": "ApexClass",
            "isNameObsolete": false
        },
        "ApexClass__ForgotPasswordControllerTest": {
            "serverRevisionCounter": 3477,
            "lastRetrievedFromServer": null,
            "memberType": "ApexClass",
            "isNameObsolete": false
        },
        "ApexClass__MicrobatchSelfRegController": {
            "serverRevisionCounter": 3478,
            "lastRetrievedFromServer": null,
            "memberType": "ApexClass",
            "isNameObsolete": false
        },
        "ApexClass__MicrobatchSelfRegControllerTest": {
            "serverRevisionCounter": 3479,
            "lastRetrievedFromServer": null,
            "memberType": "ApexClass",
            "isNameObsolete": false
        },
        "ApexClass__MyProfilePageController": {
            "serverRevisionCounter": 3480,
            "lastRetrievedFromServer": null,
            "memberType": "ApexClass",
            "isNameObsolete": false
        },
        "ApexClass__MyProfilePageControllerTest": {
            "serverRevisionCounter": 3481,
            "lastRetrievedFromServer": null,
            "memberType": "ApexClass",
            "isNameObsolete": false
        },
        "ApexClass__QueryUtils": {
            "serverRevisionCounter": 3483,
            "lastRetrievedFromServer": null,
            "memberType": "ApexClass",
            "isNameObsolete": false
        },
        "ApexClass__SiteLoginController": {
            "serverRevisionCounter": 3485,
            "lastRetrievedFromServer": null,
            "memberType": "ApexClass",
            "isNameObsolete": false
        },
        "ApexClass__SiteLoginControllerTest": {
            "serverRevisionCounter": 3486,
            "lastRetrievedFromServer": null,
            "memberType": "ApexClass",
            "isNameObsolete": false
        },
        "ApexClass__SiteRegisterController": {
            "serverRevisionCounter": 3487,
            "lastRetrievedFromServer": null,
            "memberType": "ApexClass",
            "isNameObsolete": false
        },
        "ApexClass__SiteRegisterControllerTest": {
            "serverRevisionCounter": 3488,
            "lastRetrievedFromServer": null,
            "memberType": "ApexClass",
            "isNameObsolete": false
        },
        "ApexClass__StripeAdapter": {
            "serverRevisionCounter": 3489,
            "lastRetrievedFromServer": null,
            "memberType": "ApexClass",
            "isNameObsolete": false
        },
        "ApexClass__StripeValidationException": {
            "serverRevisionCounter": 3490,
            "lastRetrievedFromServer": null,
            "memberType": "ApexClass",
            "isNameObsolete": false
        },
        "ApexClass__TaxServiceExtensionSample": {
            "serverRevisionCounter": 3491,
            "lastRetrievedFromServer": null,
            "memberType": "ApexClass",
            "isNameObsolete": false
        },
        "StaticResource__SNA_k5BSg_sf_default_cdn_CI_Quest_EStore1": {
            "serverRevisionCounter": 4554,
            "lastRetrievedFromServer": null,
            "memberType": "StaticResource",
            "isNameObsolete": false
        },
        "LightningComponentBundle__featuredProducts": {
            "serverRevisionCounter": 4034,
            "lastRetrievedFromServer": null,
            "memberType": "LightningComponentBundle",
            "isNameObsolete": false
        },
        "LightningComponentResource__featuredProducts/featuredProducts.html": {
            "serverRevisionCounter": 4035,
            "lastRetrievedFromServer": null,
            "memberType": "LightningComponentResource",
            "isNameObsolete": false
        },
        "LightningComponentResource__featuredProducts/featuredProducts.js": {
            "serverRevisionCounter": 4036,
            "lastRetrievedFromServer": null,
            "memberType": "LightningComponentResource",
            "isNameObsolete": false
        },
        "LightningComponentResource__featuredProducts/featuredProducts.css": {
            "serverRevisionCounter": 4037,
            "lastRetrievedFromServer": null,
            "memberType": "LightningComponentResource",
            "isNameObsolete": false
        },
        "LightningComponentResource__featuredProducts/featuredProducts.js-meta.xml": {
            "serverRevisionCounter": 4038,
            "lastRetrievedFromServer": null,
            "memberType": "LightningComponentResource",
            "isNameObsolete": false
        },
        "ApexComponent__SSLinkedInCompanyInsider": {
            "serverRevisionCounter": 3514,
            "lastRetrievedFromServer": null,
            "memberType": "ApexComponent",
            "isNameObsolete": false
        },
        "ApexComponent__SiteFooter": {
            "serverRevisionCounter": 3515,
            "lastRetrievedFromServer": null,
            "memberType": "ApexComponent",
            "isNameObsolete": false
        },
        "ApexComponent__SiteHeader": {
            "serverRevisionCounter": 3516,
            "lastRetrievedFromServer": null,
            "memberType": "ApexComponent",
            "isNameObsolete": false
        },
        "ApexComponent__SiteLogin": {
            "serverRevisionCounter": 3517,
            "lastRetrievedFromServer": null,
            "memberType": "ApexComponent",
            "isNameObsolete": false
        },
        "ApexComponent__SitePoweredBy": {
            "serverRevisionCounter": 3518,
            "lastRetrievedFromServer": null,
            "memberType": "ApexComponent",
            "isNameObsolete": false
        },
        "RegisteredExternalService__CcaCartOrchestrator": {
            "serverRevisionCounter": 3581,
            "lastRetrievedFromServer": null,
            "memberType": "RegisteredExternalService",
            "isNameObsolete": false
        },
        "RegisteredExternalService__CcaShippingDefault": {
            "serverRevisionCounter": 3582,
            "lastRetrievedFromServer": null,
            "memberType": "RegisteredExternalService",
            "isNameObsolete": false
        },
        "RegisteredExternalService__CcaTaxDefault": {
            "serverRevisionCounter": 3583,
            "lastRetrievedFromServer": null,
            "memberType": "RegisteredExternalService",
            "isNameObsolete": false
        },
        "LightningComponentBundle__displayProductRecords": {
            "serverRevisionCounter": 4449,
            "lastRetrievedFromServer": 4449,
            "memberType": "LightningComponentBundle",
            "isNameObsolete": false
        },
        "LightningComponentResource__displayProductRecords/displayProductRecords.js": {
            "serverRevisionCounter": 4450,
            "lastRetrievedFromServer": 4450,
            "memberType": "LightningComponentResource",
            "isNameObsolete": false
        },
        "LightningComponentResource__displayProductRecords/displayProductRecords.css": {
            "serverRevisionCounter": 4451,
            "lastRetrievedFromServer": 4451,
            "memberType": "LightningComponentResource",
            "isNameObsolete": false
        },
        "LightningComponentResource__displayProductRecords/displayProductRecords.js-meta.xml": {
            "serverRevisionCounter": 4452,
            "lastRetrievedFromServer": 4452,
            "memberType": "LightningComponentResource",
            "isNameObsolete": false
        },
        "LightningComponentResource__displayProductRecords/displayProductRecords.html": {
            "serverRevisionCounter": 4453,
            "lastRetrievedFromServer": 4453,
            "memberType": "LightningComponentResource",
            "isNameObsolete": false
        },
        "LightningComponentBundle__questProducts": {
            "serverRevisionCounter": 8134,
            "lastRetrievedFromServer": 6793,
            "memberType": "LightningComponentBundle",
            "isNameObsolete": false
        },
        "LightningComponentResource__questProducts/questProducts.js": {
            "serverRevisionCounter": 8135,
            "lastRetrievedFromServer": 6794,
            "memberType": "LightningComponentResource",
            "isNameObsolete": false
        },
        "LightningComponentResource__questProducts/questProducts.css": {
            "serverRevisionCounter": 8136,
            "lastRetrievedFromServer": 6795,
            "memberType": "LightningComponentResource",
            "isNameObsolete": false
        },
        "LightningComponentResource__questProducts/questProducts.js-meta.xml": {
            "serverRevisionCounter": 8137,
            "lastRetrievedFromServer": 6796,
            "memberType": "LightningComponentResource",
            "isNameObsolete": false
        },
        "LightningComponentResource__questProducts/questProducts.html": {
            "serverRevisionCounter": 8138,
            "lastRetrievedFromServer": 6797,
            "memberType": "LightningComponentResource",
            "isNameObsolete": false
        },
        "CustomField__Product2.isWishlistItem_Quest__c": {
            "serverRevisionCounter": 4826,
            "lastRetrievedFromServer": null,
            "memberType": "CustomField",
            "isNameObsolete": false
        },
        "ApexClass__productDetail": {
            "serverRevisionCounter": 8600,
            "lastRetrievedFromServer": 8600,
            "memberType": "ApexClass",
            "isNameObsolete": false
        },
        "LightningComponentBundle__productDetails": {
            "serverRevisionCounter": 8641,
            "lastRetrievedFromServer": 8641,
            "memberType": "LightningComponentBundle",
            "isNameObsolete": false
        },
        "LightningComponentResource__productDetails/productDetails.js": {
            "serverRevisionCounter": 8642,
            "lastRetrievedFromServer": 8642,
            "memberType": "LightningComponentResource",
            "isNameObsolete": false
        },
        "LightningComponentResource__productDetails/productDetails.js-meta.xml": {
            "serverRevisionCounter": 8643,
            "lastRetrievedFromServer": 8643,
            "memberType": "LightningComponentResource",
            "isNameObsolete": false
        },
        "LightningComponentResource__productDetails/productDetails.html": {
            "serverRevisionCounter": 8644,
            "lastRetrievedFromServer": 8644,
            "memberType": "LightningComponentResource",
            "isNameObsolete": false
        },
        "LightningComponentBundle__productDetails1": {
            "serverRevisionCounter": 5962,
            "lastRetrievedFromServer": 5962,
            "memberType": "LightningComponentBundle",
            "isNameObsolete": false
        },
        "LightningComponentResource__productDetails1/productDetails1.js": {
            "serverRevisionCounter": 5963,
            "lastRetrievedFromServer": 5963,
            "memberType": "LightningComponentResource",
            "isNameObsolete": false
        },
        "LightningComponentResource__productDetails1/productDetails1.html": {
            "serverRevisionCounter": 5964,
            "lastRetrievedFromServer": 5964,
            "memberType": "LightningComponentResource",
            "isNameObsolete": false
        },
        "LightningComponentResource__productDetails1/productDetails1.js-meta.xml": {
            "serverRevisionCounter": 5965,
            "lastRetrievedFromServer": 5965,
            "memberType": "LightningComponentResource",
            "isNameObsolete": false
        },
        "StandardValueSet__Product2Family": {
            "serverRevisionCounter": 5092,
            "lastRetrievedFromServer": null,
            "memberType": "StandardValueSet",
            "isNameObsolete": false
        },
        "CustomField__Product2.Quantity_Unit_Of_Measure__c": {
            "serverRevisionCounter": 5102,
            "lastRetrievedFromServer": null,
            "memberType": "CustomField",
            "isNameObsolete": true
        },
        "StandardValueSet__QuantityUnitOfMeasure": {
            "serverRevisionCounter": 5109,
            "lastRetrievedFromServer": null,
            "memberType": "StandardValueSet",
            "isNameObsolete": false
        },
        "Profile__Providio LWR Profile": {
            "serverRevisionCounter": 5149,
            "lastRetrievedFromServer": null,
            "memberType": "Profile",
            "isNameObsolete": false
        },
        "FeatureParameterBoolean__SBQQ__CalculateImmediately": {
            "serverRevisionCounter": 5157,
            "lastRetrievedFromServer": null,
            "memberType": "FeatureParameterBoolean",
            "isNameObsolete": false
        },
        "FeatureParameterBoolean__SBQQ__CanBypassPreserveBundleStructureOnAmend": {
            "serverRevisionCounter": 5158,
            "lastRetrievedFromServer": null,
            "memberType": "FeatureParameterBoolean",
            "isNameObsolete": false
        },
        "FeatureParameterBoolean__SBQQ__CustomActionPlugin": {
            "serverRevisionCounter": 5159,
            "lastRetrievedFromServer": null,
            "memberType": "FeatureParameterBoolean",
            "isNameObsolete": false
        },
        "FeatureParameterBoolean__SBQQ__ElectronicSignaturePlugin": {
            "serverRevisionCounter": 5160,
            "lastRetrievedFromServer": null,
            "memberType": "FeatureParameterBoolean",
            "isNameObsolete": false
        },
        "FeatureParameterBoolean__SBQQ__EnableColumnResizing": {
            "serverRevisionCounter": 5161,
            "lastRetrievedFromServer": null,
            "memberType": "FeatureParameterBoolean",
            "isNameObsolete": false
        },
        "FeatureParameterBoolean__SBQQ__EnableCompactMode": {
            "serverRevisionCounter": 5162,
            "lastRetrievedFromServer": null,
            "memberType": "FeatureParameterBoolean",
            "isNameObsolete": false
        },
        "FeatureParameterBoolean__SBQQ__EnableEnhancedSecurity": {
            "serverRevisionCounter": 5163,
            "lastRetrievedFromServer": null,
            "memberType": "FeatureParameterBoolean",
            "isNameObsolete": false
        },
        "FeatureParameterBoolean__SBQQ__EnableExpandCollapseBundles": {
            "serverRevisionCounter": 5164,
            "lastRetrievedFromServer": null,
            "memberType": "FeatureParameterBoolean",
            "isNameObsolete": false
        },
        "FeatureParameterBoolean__SBQQ__EnableEvergreenSubscriptions": {
            "serverRevisionCounter": 5165,
            "lastRetrievedFromServer": null,
            "memberType": "FeatureParameterBoolean",
            "isNameObsolete": false
        },
        "FeatureParameterBoolean__SBQQ__EnableLargeConfigurations": {
            "serverRevisionCounter": 5166,
            "lastRetrievedFromServer": null,
            "memberType": "FeatureParameterBoolean",
            "isNameObsolete": false
        },
        "FeatureParameterBoolean__SBQQ__EnableLQTSelectionRules": {
            "serverRevisionCounter": 5167,
            "lastRetrievedFromServer": null,
            "memberType": "FeatureParameterBoolean",
            "isNameObsolete": false
        },
        "FeatureParameterBoolean__SBQQ__EnablePolymer3UI": {
            "serverRevisionCounter": 5168,
            "lastRetrievedFromServer": null,
            "memberType": "FeatureParameterBoolean",
            "isNameObsolete": false
        },
        "FeatureParameterBoolean__SBQQ__EnablePriceGuidance": {
            "serverRevisionCounter": 5169,
            "lastRetrievedFromServer": null,
            "memberType": "FeatureParameterBoolean",
            "isNameObsolete": false
        },
        "FeatureParameterBoolean__SBQQ__EnableProductOptionDrawer": {
            "serverRevisionCounter": 5170,
            "lastRetrievedFromServer": null,
            "memberType": "FeatureParameterBoolean",
            "isNameObsolete": false
        },
        "FeatureParameterBoolean__SBQQ__EnableUsageBasedPricing": {
            "serverRevisionCounter": 5171,
            "lastRetrievedFromServer": null,
            "memberType": "FeatureParameterBoolean",
            "isNameObsolete": false
        },
        "FeatureParameterBoolean__SBQQ__ExternalConfiguratorNestedBundles": {
            "serverRevisionCounter": 5172,
            "lastRetrievedFromServer": null,
            "memberType": "FeatureParameterBoolean",
            "isNameObsolete": false
        },
        "FeatureParameterBoolean__SBQQ__JSQuoteCalculatorPlugin": {
            "serverRevisionCounter": 5173,
            "lastRetrievedFromServer": null,
            "memberType": "FeatureParameterBoolean",
            "isNameObsolete": false
        },
        "FeatureParameterBoolean__SBQQ__LargeQuoteExperienceEnabled": {
            "serverRevisionCounter": 5175,
            "lastRetrievedFromServer": null,
            "memberType": "FeatureParameterBoolean",
            "isNameObsolete": false
        },
        "FeatureParameterBoolean__SBQQ__PageSecurityPlugin": {
            "serverRevisionCounter": 5176,
            "lastRetrievedFromServer": null,
            "memberType": "FeatureParameterBoolean",
            "isNameObsolete": false
        },
        "FeatureParameterBoolean__SBQQ__PreserveBundleUponRenewals": {
            "serverRevisionCounter": 5177,
            "lastRetrievedFromServer": null,
            "memberType": "FeatureParameterBoolean",
            "isNameObsolete": false
        },
        "FeatureParameterBoolean__SBQQ__ProductConfigurationInitializer": {
            "serverRevisionCounter": 5178,
            "lastRetrievedFromServer": null,
            "memberType": "FeatureParameterBoolean",
            "isNameObsolete": false
        },
        "FeatureParameterBoolean__SBQQ__ProductSearchPlugin": {
            "serverRevisionCounter": 5180,
            "lastRetrievedFromServer": null,
            "memberType": "FeatureParameterBoolean",
            "isNameObsolete": false
        },
        "FeatureParameterBoolean__SBQQ__QuickCalculateEnabled": {
            "serverRevisionCounter": 5182,
            "lastRetrievedFromServer": null,
            "memberType": "FeatureParameterBoolean",
            "isNameObsolete": false
        },
        "FeatureParameterBoolean__SBQQ__QuoteCalculatorPlugin": {
            "serverRevisionCounter": 5183,
            "lastRetrievedFromServer": null,
            "memberType": "FeatureParameterBoolean",
            "isNameObsolete": false
        },
        "FeatureParameterBoolean__SBQQ__QuoteLineEditsforUsageBasedPricing": {
            "serverRevisionCounter": 5184,
            "lastRetrievedFromServer": null,
            "memberType": "FeatureParameterBoolean",
            "isNameObsolete": false
        },
        "FeatureParameterBoolean__SBQQ__ReevaluateBundleLogicOnRenewals": {
            "serverRevisionCounter": 5185,
            "lastRetrievedFromServer": null,
            "memberType": "FeatureParameterBoolean",
            "isNameObsolete": false
        },
        "FeatureParameterBoolean__SBQQ__SolutionGroupsEnabled": {
            "serverRevisionCounter": 5186,
            "lastRetrievedFromServer": null,
            "memberType": "FeatureParameterBoolean",
            "isNameObsolete": false
        },
        "FeatureParameterBoolean__SBQQ__SortProductsInMemory": {
            "serverRevisionCounter": 5187,
            "lastRetrievedFromServer": null,
            "memberType": "FeatureParameterBoolean",
            "isNameObsolete": false
        },
        "FeatureParameterBoolean__SBQQ__Theme": {
            "serverRevisionCounter": 5188,
            "lastRetrievedFromServer": null,
            "memberType": "FeatureParameterBoolean",
            "isNameObsolete": false
        },
        "FeatureParameterBoolean__SBQQ__ThirdPartyConfigurator": {
            "serverRevisionCounter": 5189,
            "lastRetrievedFromServer": null,
            "memberType": "FeatureParameterBoolean",
            "isNameObsolete": false
        },
        "FeatureParameterBoolean__SBQQ__UseLegacyCalculator": {
            "serverRevisionCounter": 5190,
            "lastRetrievedFromServer": null,
            "memberType": "FeatureParameterBoolean",
            "isNameObsolete": false
        },
        "FeatureParameterBoolean__SBQQ__UseLegacyContractService": {
            "serverRevisionCounter": 5191,
            "lastRetrievedFromServer": null,
            "memberType": "FeatureParameterBoolean",
            "isNameObsolete": false
        },
        "FeatureParameterDate__SBQQ__lastReadinessCheck": {
            "serverRevisionCounter": 5174,
            "lastRetrievedFromServer": null,
            "memberType": "FeatureParameterDate",
            "isNameObsolete": false
        },
        "FeatureParameterInteger__SBQQ__numberOfPSLs": {
            "serverRevisionCounter": 5179,
            "lastRetrievedFromServer": null,
            "memberType": "FeatureParameterInteger",
            "isNameObsolete": false
        },
        "FeatureParameterInteger__SBQQ__usersWithPSL": {
            "serverRevisionCounter": 5181,
            "lastRetrievedFromServer": null,
            "memberType": "FeatureParameterInteger",
            "isNameObsolete": false
        },
        "FeatureParameterInteger__SBQQ__usersWithPS": {
            "serverRevisionCounter": 5193,
            "lastRetrievedFromServer": null,
            "memberType": "FeatureParameterInteger",
            "isNameObsolete": false
        },
        "FeatureParameterInteger__SBQQ__inactiveUsersWithPS": {
            "serverRevisionCounter": 5194,
            "lastRetrievedFromServer": null,
            "memberType": "FeatureParameterInteger",
            "isNameObsolete": false
        },
        "FeatureParameterBoolean__SBQQ__isReadyToUpgrade": {
            "serverRevisionCounter": 5195,
            "lastRetrievedFromServer": null,
            "memberType": "FeatureParameterBoolean",
            "isNameObsolete": false
        },
        "FeatureParameterBoolean__SBQQ__isReadyToAssignLicenses": {
            "serverRevisionCounter": 5196,
            "lastRetrievedFromServer": null,
            "memberType": "FeatureParameterBoolean",
            "isNameObsolete": false
        },
        "FlexiPage__Product_Record_Page1": {
            "serverRevisionCounter": 5491,
            "lastRetrievedFromServer": null,
            "memberType": "FlexiPage",
            "isNameObsolete": false
        },
        "CustomApplication__standard__CommerceV2": {
            "serverRevisionCounter": 5485,
            "lastRetrievedFromServer": null,
            "memberType": "CustomApplication",
            "isNameObsolete": false
        },
        "LightningComponentResource__productDetails1/productDetails.css": {
            "serverRevisionCounter": 5966,
            "lastRetrievedFromServer": 5966,
            "memberType": "LightningComponentResource",
            "isNameObsolete": false
        },
        "ApexClass__AddressUpdate": {
            "serverRevisionCounter": 5795,
            "lastRetrievedFromServer": null,
            "memberType": "ApexClass",
            "isNameObsolete": false
        },
        "LightningComponentBundle__addressUpdate": {
            "serverRevisionCounter": 5813,
            "lastRetrievedFromServer": null,
            "memberType": "LightningComponentBundle",
            "isNameObsolete": false
        },
        "LightningComponentResource__addressUpdate/addressUpdate.html": {
            "serverRevisionCounter": 5814,
            "lastRetrievedFromServer": null,
            "memberType": "LightningComponentResource",
            "isNameObsolete": false
        },
        "LightningComponentResource__addressUpdate/addressUpdate.js-meta.xml": {
            "serverRevisionCounter": 5815,
            "lastRetrievedFromServer": null,
            "memberType": "LightningComponentResource",
            "isNameObsolete": false
        },
        "LightningComponentResource__addressUpdate/addressUpdate.js": {
            "serverRevisionCounter": 5816,
            "lastRetrievedFromServer": null,
            "memberType": "LightningComponentResource",
            "isNameObsolete": false
        },
        "ApexClass__B2BUtils": {
            "serverRevisionCounter": 5877,
            "lastRetrievedFromServer": null,
            "memberType": "ApexClass",
            "isNameObsolete": false
        },
        "DigitalExperience__site/CI_Quest_EStore1.sfdc_cms__route/Contact_Us__c": {
            "serverRevisionCounter": 5952,
            "lastRetrievedFromServer": null,
            "memberType": "DigitalExperience",
            "isNameObsolete": false
        },
        "DigitalExperience__site/CI_Quest_EStore1.sfdc_cms__view/Contact_Us": {
            "serverRevisionCounter": 5956,
            "lastRetrievedFromServer": null,
            "memberType": "DigitalExperience",
            "isNameObsolete": false
        },
        "LightningComponentResource__productDetails/productDetails.css": {
            "serverRevisionCounter": 8645,
            "lastRetrievedFromServer": 8645,
            "memberType": "LightningComponentResource",
            "isNameObsolete": false
        },
        "ApexClass__ProductRecordsFromCategory": {
            "serverRevisionCounter": 6176,
            "lastRetrievedFromServer": null,
            "memberType": "ApexClass",
            "isNameObsolete": false
        },
        "LightningComponentBundle__productCarouselFromCategory": {
            "serverRevisionCounter": 6177,
            "lastRetrievedFromServer": null,
            "memberType": "LightningComponentBundle",
            "isNameObsolete": false
        },
        "LightningComponentResource__productCarouselFromCategory/productCarouselFromCategory.html": {
            "serverRevisionCounter": 6178,
            "lastRetrievedFromServer": null,
            "memberType": "LightningComponentResource",
            "isNameObsolete": false
        },
        "LightningComponentResource__productCarouselFromCategory/productCarouselFromCategory.js": {
            "serverRevisionCounter": 6179,
            "lastRetrievedFromServer": null,
            "memberType": "LightningComponentResource",
            "isNameObsolete": false
        },
        "LightningComponentResource__productCarouselFromCategory/productCarouselFromCategory.js-meta.xml": {
            "serverRevisionCounter": 6180,
            "lastRetrievedFromServer": null,
            "memberType": "LightningComponentResource",
            "isNameObsolete": false
        },
        "LightningComponentResource__productCarouselFromCategory/productCarouselFromCategory.css": {
            "serverRevisionCounter": 6181,
            "lastRetrievedFromServer": null,
            "memberType": "LightningComponentResource",
            "isNameObsolete": false
        },
        "StaticResource__heartWhite": {
            "serverRevisionCounter": 6343,
            "lastRetrievedFromServer": null,
            "memberType": "StaticResource",
            "isNameObsolete": false
        },
        "StaticResource__heartIcons": {
            "serverRevisionCounter": 6335,
            "lastRetrievedFromServer": null,
            "memberType": "StaticResource",
            "isNameObsolete": false
        },
        "StaticResource__heartRed": {
            "serverRevisionCounter": 6342,
            "lastRetrievedFromServer": null,
            "memberType": "StaticResource",
            "isNameObsolete": false
        },
        "LightningComponentBundle__modal": {
            "serverRevisionCounter": 6384,
            "lastRetrievedFromServer": null,
            "memberType": "LightningComponentBundle",
            "isNameObsolete": false
        },
        "LightningComponentResource__modal/modal.html": {
            "serverRevisionCounter": 6385,
            "lastRetrievedFromServer": null,
            "memberType": "LightningComponentResource",
            "isNameObsolete": false
        },
        "LightningComponentResource__modal/modal.css": {
            "serverRevisionCounter": 6386,
            "lastRetrievedFromServer": null,
            "memberType": "LightningComponentResource",
            "isNameObsolete": false
        },
        "LightningComponentResource__modal/modal.js-meta.xml": {
            "serverRevisionCounter": 6387,
            "lastRetrievedFromServer": null,
            "memberType": "LightningComponentResource",
            "isNameObsolete": false
        },
        "LightningComponentResource__modal/modal.js": {
            "serverRevisionCounter": 6388,
            "lastRetrievedFromServer": null,
            "memberType": "LightningComponentResource",
            "isNameObsolete": false
        },
        "CustomField__ProductAttribute.Software_Versions__c": {
            "serverRevisionCounter": 6476,
            "lastRetrievedFromServer": null,
            "memberType": "CustomField",
            "isNameObsolete": false
        },
        "ProductAttributeSet__ProductAttributeSet": {
            "serverRevisionCounter": 6482,
            "lastRetrievedFromServer": null,
            "memberType": "ProductAttributeSet",
            "isNameObsolete": false
        },
        "LightningComponentBundle__paginator": {
            "serverRevisionCounter": 6602,
            "lastRetrievedFromServer": null,
            "memberType": "LightningComponentBundle",
            "isNameObsolete": false
        },
        "LightningComponentResource__paginator/paginator.html": {
            "serverRevisionCounter": 6603,
            "lastRetrievedFromServer": null,
            "memberType": "LightningComponentResource",
            "isNameObsolete": false
        },
        "LightningComponentResource__paginator/paginator.js-meta.xml": {
            "serverRevisionCounter": 6604,
            "lastRetrievedFromServer": null,
            "memberType": "LightningComponentResource",
            "isNameObsolete": false
        },
        "LightningComponentResource__paginator/paginator.css": {
            "serverRevisionCounter": 6605,
            "lastRetrievedFromServer": null,
            "memberType": "LightningComponentResource",
            "isNameObsolete": false
        },
        "LightningComponentResource__paginator/paginator.js": {
            "serverRevisionCounter": 6606,
            "lastRetrievedFromServer": null,
            "memberType": "LightningComponentResource",
            "isNameObsolete": false
        },
        "Layout__Product2-SBQQ__CPQ Product Layout": {
            "serverRevisionCounter": 6930,
            "lastRetrievedFromServer": null,
            "memberType": "Layout",
            "isNameObsolete": false
        },
        "CspTrustedSite__Questpdpvideo": {
            "serverRevisionCounter": 7853,
            "lastRetrievedFromServer": null,
            "memberType": "CspTrustedSite",
            "isNameObsolete": false
        },
        "CspTrustedSite__youtu_be": {
            "serverRevisionCounter": 7855,
            "lastRetrievedFromServer": null,
            "memberType": "CspTrustedSite",
            "isNameObsolete": false
        },
        "LightningComponentBundle__videoPopup": {
            "serverRevisionCounter": 7911,
            "lastRetrievedFromServer": 7911,
            "memberType": "LightningComponentBundle",
            "isNameObsolete": false
        },
        "LightningComponentResource__videoPopup/videoPopup.js-meta.xml": {
            "serverRevisionCounter": 7912,
            "lastRetrievedFromServer": 7912,
            "memberType": "LightningComponentResource",
            "isNameObsolete": false
        },
        "LightningComponentResource__videoPopup/videoPopup.js": {
            "serverRevisionCounter": 7913,
            "lastRetrievedFromServer": 7913,
            "memberType": "LightningComponentResource",
            "isNameObsolete": false
        },
        "LightningComponentResource__videoPopup/videoPopup.html": {
            "serverRevisionCounter": 7914,
            "lastRetrievedFromServer": 7914,
            "memberType": "LightningComponentResource",
            "isNameObsolete": false
        },
        "LightningComponentResource__videoPopup/videoPopup.css": {
            "serverRevisionCounter": 7915,
            "lastRetrievedFromServer": 7915,
            "memberType": "LightningComponentResource",
            "isNameObsolete": false
        }
    }
}